,0,1,2,3,4,5,6,7,8,9,10,11,12,13,14,15,16,17,18,19,20,21,22,23,24,25,26,27,28,29,30,31,32,33,34,35,36,37,38,39,40,41,42,43,44,45,46,47,48,49,50,51,52,53,54,55,56,57,58,59,60,61,62,63
monkey,0.983134388923645,0.0229556374251842,0.9577256441116332,0.4194603562355041,0.6853692531585693,0.0232044346630573,0.9505126476287842,0.0521598830819129,0.3745433986186981,0.0595468245446682,0.0316938124597072,0.686439037322998,0.1055167242884635,0.5700863003730774,0.1889059543609619,0.9593660831451416,0.992751955986023,0.0326281189918518,0.0192907489836215,0.974901795387268,0.9463406801223756,0.471491664648056,0.9566742777824402,0.9464630484580994,0.0484668128192424,0.0152122480794787,0.0277633778750896,0.9924511313438416,0.9517159461975098,0.0380507260560989,0.0186562798917293,0.0276249498128891,0.084611490368843,0.8213017582893372,0.0215932186692953,0.8753322958946228,0.0228321719914674,0.0353556387126445,0.4842140674591064,0.3117329478263855,0.542974591255188,0.988520324230194,0.0185828022658824,0.0310457665473222,0.7998367547988892,0.0249971020966768,0.0239278562366962,0.7007547616958618,0.0912389606237411,0.1201870366930961,0.0330763310194015,0.0210622567683458,0.0279523190110921,0.8742031455039978,0.0593719035387039,0.824920117855072,0.1647361069917678,0.993054211139679,0.0553581118583679,0.0167174991220235,0.094496801495552,0.0852137953042984,0.7197268605232239,0.0320843122899532
beaver,0.0351301617920398,0.0222072601318359,0.9776405096054076,0.5976848006248474,0.9736087322235109,0.1522817015647888,0.9237560033798218,0.0593147426843643,0.983741044998169,0.0369671210646629,0.0354574881494045,0.0367628708481788,0.99350243806839,0.1350839585065841,0.0452776178717613,0.4309348464012146,0.9712200164794922,0.4697636067867279,0.0747787058353424,0.7585217952728271,0.1453679502010345,0.2769553959369659,0.940775454044342,0.9690794944763184,0.7052705883979797,0.1076672077178955,0.7571895122528076,0.7891443371772766,0.851563572883606,0.5937985777854919,0.0717732384800911,0.2889480590820312,0.5351205468177795,0.1761793941259384,0.1158505156636238,0.1281982660293579,0.4814566075801849,0.0450663529336452,0.9701837301254272,0.1130007281899452,0.0839077606797218,0.0312720909714698,0.991200029850006,0.2719293534755707,0.9909449815750122,0.0288335625082254,0.1810138970613479,0.1367648690938949,0.049560509622097,0.0939406380057334,0.9708378314971924,0.9833359718322754,0.0536350309848785,0.3247381448745727,0.0765139907598495,0.24425008893013,0.0393674373626709,0.9174847602844238,0.0917196050286293,0.5464473366737366,0.3799972534179687,0.9896700978279114,0.0713100954890251,0.174940824508667
bison,0.0457126647233963,0.4355625808238983,0.0222060568630695,0.9657498002052308,0.9079657196998596,0.0507774427533149,0.9552927613258362,0.1830564886331558,0.9902223348617554,0.2299849987030029,0.0411691665649414,0.1877185404300689,0.139623761177063,0.100992776453495,0.0281615238636732,0.0317520126700401,0.9699557423591614,0.0721528306603431,0.0369714945554733,0.2875191569328308,0.9823644161224364,0.0262742843478918,0.9261266589164734,0.9093350172042848,0.1967865973711013,0.9879462122917176,0.1269498616456985,0.880985677242279,0.921005129814148,0.0839180797338485,0.1709944605827331,0.7621467709541321,0.0697301849722862,0.907698094844818,0.0743597298860549,0.0314722023904323,0.1262031644582748,0.1553121358156204,0.2181928604841232,0.814854621887207,0.9877532124519348,0.9826364517211914,0.1560618281364441,0.0435049198567867,0.0532633662223815,0.019016932696104,0.2077174186706543,0.0633802413940429,0.0319365821778774,0.2221328318119049,0.4570864737033844,0.98987877368927,0.0413340330123901,0.3745927214622497,0.0965772867202758,0.0325700640678405,0.0367128662765026,0.0579757466912269,0.0688430070877075,0.9938399195671082,0.3789605498313904,0.0498221553862094,0.0266213398426771,0.948373794555664
dromedary,0.0522284992039203,0.2440839856863021,0.0176982078701257,0.9681723117828368,0.9858396053314208,0.1927266865968704,0.9500779509544371,0.0302498713135719,0.9874087572097778,0.3319103419780731,0.5425981283187866,0.0891133621335029,0.0250438619405031,0.0310849230736494,0.0756834670901298,0.60943204164505,0.908920168876648,0.854665994644165,0.1538645625114441,0.0637447237968444,0.9465773105621338,0.0756750777363777,0.1634134352207183,0.2348300665616989,0.8195729851722717,0.4392000138759613,0.027019627392292,0.9238579273223876,0.9771486520767212,0.0523526147007942,0.0536822080612182,0.0474875122308731,0.0424231775104999,0.9841015934944152,0.1153753325343132,0.0711544826626777,0.9794965386390686,0.0306694209575653,0.0300159938633441,0.8567233085632324,0.992801070213318,0.1064084097743034,0.0536396168172359,0.2620684504508972,0.4818229079246521,0.9822263717651368,0.0956400409340858,0.0302697364240884,0.127870500087738,0.0584739297628402,0.9824405312538148,0.6142972707748413,0.3796367943286896,0.0338943228125572,0.9287169575691224,0.1466850936412811,0.9548711776733398,0.0850223749876022,0.2513597011566162,0.9956070780754088,0.0326841510832309,0.0221260022372007,0.964574694633484,0.0148085681721568
squirrel,0.4430305957794189,0.0353819280862808,0.9774446487426758,0.9370357394218444,0.9553667306900024,0.0445173904299736,0.9448893666267396,0.3355154395103454,0.2997090518474579,0.076860137283802,0.076820008456707,0.3297180831432342,0.9905604720115662,0.0847647413611412,0.0200923569500446,0.6407148838043213,0.9736527800559998,0.0591985173523426,0.0287804827094078,0.0306863393634557,0.1289362013339996,0.9907602071762084,0.8984171152114868,0.974033772945404,0.2134432792663574,0.1369835436344146,0.2999045252799988,0.9351209402084352,0.9795371294021606,0.2780842185020447,0.3829652965068817,0.3481752872467041,0.0629426091909408,0.2058417946100235,0.3527053296566009,0.0319992005825042,0.2372830510139465,0.0810189321637153,0.0626160204410553,0.8542957901954651,0.0554489381611347,0.0386879295110702,0.991314709186554,0.6781268119812012,0.045190043747425,0.0584176145493984,0.0768598839640617,0.32241091132164,0.8321066498756409,0.0654538497328758,0.11569794267416,0.1533386409282684,0.0713518559932708,0.0301101263612508,0.025208881124854,0.4794428944587707,0.0375436171889305,0.979590654373169,0.0302799455821514,0.2393982410430908,0.6698505282402039,0.993656039237976,0.9735785722732544,0.026841664686799
hedgehog,0.0605659000575542,0.0219952315092086,0.9699909687042236,0.5083286166191101,0.9731167554855348,0.6007233262062073,0.2913433015346527,0.0306776948273181,0.6472939848899841,0.3404144644737243,0.9891886711120604,0.9897241592407228,0.1880058497190475,0.0473209284245967,0.0212794952094554,0.94294536113739,0.9758049845695496,0.0182285048067569,0.971106231212616,0.230464905500412,0.5114858746528625,0.5928760766983032,0.8884232044219971,0.9109717607498168,0.0830633789300918,0.1032998263835907,0.928170382976532,0.0223231371492147,0.7597060203552246,0.0606099963188171,0.0338646881282329,0.1967590898275375,0.9837875366210938,0.6335404515266418,0.0337978340685367,0.0536041148006916,0.0522450506687164,0.0158199500292539,0.0112653197720646,0.0706633329391479,0.8011702299118042,0.9711326360702516,0.9916410446166992,0.975409209728241,0.0859900042414665,0.0447606034576892,0.0345090329647064,0.2017784267663955,0.6811270117759705,0.0260082576423883,0.0322834029793739,0.8949864506721497,0.2969924509525299,0.0351083241403102,0.026061076670885,0.0335847623646259,0.0978719890117645,0.0562896803021431,0.0992859974503517,0.0697843730449676,0.4371191263198852,0.9946759939193726,0.9294061660766602,0.0653517469763755
donkey,0.1096426770091056,0.9911985993385316,0.158830776810646,0.9679208397865297,0.941231906414032,0.9893652200698853,0.9184982776641846,0.0364141017198562,0.0417595580220222,0.0742036774754524,0.3788497149944305,0.6231801509857178,0.0743221268057823,0.0658473670482635,0.9091359376907348,0.6436181664466858,0.9736050963401794,0.9504648447036744,0.6195554137229919,0.1007389351725578,0.7908127307891846,0.1478990316390991,0.1078251525759697,0.9902154207229614,0.2020154297351837,0.1845739334821701,0.048660784959793,0.9663864970207214,0.9832187294960022,0.4572804272174835,0.1055878251791,0.1650339066982269,0.1993045657873153,0.9609739780426024,0.050253789871931,0.2794404625892639,0.0816256627440452,0.0565570928156375,0.0157703962177038,0.0355387739837169,0.9609788060188292,0.1506223529577255,0.2668002247810364,0.0250253807753324,0.0830215513706207,0.9782147407531738,0.0602701790630817,0.0814565792679786,0.0400626510381698,0.3173591196537018,0.047777485102415,0.0358465500175952,0.047073271125555,0.0331660918891429,0.627149224281311,0.6066024303436279,0.0690753459930419,0.1672719568014145,0.9746487736701964,0.1237793862819671,0.3172557353973388,0.0455242618918418,0.0530051998794078,0.0260468423366546
giraffe,0.0540127381682395,0.036012802273035,0.0196120459586381,0.9600052833557128,0.97087424993515,0.9455273747444152,0.9799361228942872,0.0673689618706703,0.9822039604187012,0.0693317055702209,0.0684524253010749,0.2028798460960388,0.0962788537144661,0.0678525865077972,0.0785253196954727,0.0490015260875225,0.9716584086418152,0.1504409462213516,0.977971613407135,0.0223091654479503,0.2164816856384277,0.0753156319260597,0.9814079403877258,0.9785889387130736,0.5827676057815552,0.2182698994874954,0.0471214018762111,0.7702854871749878,0.8626479506492615,0.0767783895134925,0.1741262823343277,0.2026355862617492,0.0490638278424739,0.0379961393773555,0.0811316519975662,0.5495702624320984,0.0423204153776168,0.0822937488555908,0.0870936065912246,0.410165011882782,0.8769005537033081,0.0395423658192157,0.0337535701692104,0.0414708778262138,0.9553182125091552,0.9700793623924256,0.1160657554864883,0.5935479402542114,0.0445597395300865,0.3689247369766235,0.2345621585845947,0.8406110405921936,0.0556377880275249,0.7597706317901611,0.9792247414588928,0.1399946212768554,0.9553654193878174,0.8959783315658569,0.6850131750106812,0.9881874918937684,0.1577172577381134,0.0380423069000244,0.791804850101471,0.0993880853056907
hamster,0.0237200278788805,0.0961249992251396,0.9911372661590576,0.9839366674423218,0.98874694108963,0.248500570654869,0.9463906288146972,0.0417429618537426,0.9789633750915528,0.2563207745552063,0.1575570255517959,0.5306700468063354,0.125205859541893,0.0150193748995661,0.0904718860983848,0.9915736317634584,0.026390990242362,0.1087391898036003,0.903921365737915,0.4094622135162353,0.0309854745864868,0.0584531389176845,0.9758023619651794,0.9632651209831238,0.0213227272033691,0.5465599298477173,0.0268214084208011,0.1183023527264595,0.9921382069587708,0.4675464928150177,0.2032192498445511,0.0706999823451042,0.1066513583064079,0.0410869903862476,0.4195117056369781,0.082706294953823,0.1343889087438583,0.0768453925848007,0.9657750129699708,0.644265353679657,0.1440042108297348,0.0704342052340507,0.90423321723938,0.3651601374149322,0.051610130816698,0.0257133319973945,0.0717617273330688,0.0608198270201683,0.0438735820353031,0.0546726584434509,0.0307133253663778,0.0456409230828285,0.0647400468587875,0.5767875909805298,0.0458660274744033,0.0279421135783195,0.3772613406181335,0.8540313243865967,0.1765100359916687,0.0504956059157848,0.0819674953818321,0.0279282387346029,0.9684076905250548,0.020124303176999
deer,0.0509061031043529,0.0262202080339193,0.0238425135612487,0.9427014589309692,0.3172349035739898,0.0888077840209007,0.984716534614563,0.0479017160832881,0.9884422421455384,0.1061350628733635,0.0377458930015563,0.1120570749044418,0.0382018238306045,0.4464887678623199,0.0512587577104568,0.0249921567738056,0.992417573928833,0.6257014870643616,0.164559856057167,0.0312776938080787,0.1795765906572342,0.277435839176178,0.9924192428588868,0.9863871335983276,0.3984547555446625,0.0300966892391443,0.2213889509439468,0.9655240178108216,0.9714075326919556,0.2233423888683319,0.8247392773628235,0.0469196625053882,0.1573634892702102,0.0365894734859466,0.0278617888689041,0.0660577937960624,0.1896538287401199,0.0591072179377079,0.0438474081456661,0.2405199855566024,0.9909090399742126,0.0579086057841777,0.4581958353519439,0.121974304318428,0.0680561736226081,0.0600669905543327,0.0895900502800941,0.7544530630111694,0.0347737669944763,0.9549424648284912,0.0970497727394104,0.1567505449056625,0.025411220267415,0.9823022484779358,0.0821281000971794,0.0396431684494018,0.0386381559073925,0.2837461233139038,0.0322664305567741,0.8679749965667725,0.8652483820915222,0.976314127445221,0.0389713756740093,0.1432462483644485
dog,0.3234811723232269,0.0767886638641357,0.9909884333610536,0.9915908575057985,0.1076371818780899,0.268505334854126,0.9419940710067748,0.1925054490566253,0.0265584383159875,0.026865666732192,0.1845593899488449,0.9462053179740906,0.0295714288949966,0.0699432343244552,0.8894721865653992,0.9943511486053468,0.1841133683919906,0.0822684913873672,0.0293332561850547,0.0402069874107837,0.543488621711731,0.0249419584870338,0.9913510084152222,0.350499540567398,0.7624109983444214,0.024055890738964,0.0157198291271924,0.9924595952033995,0.9928828477859496,0.971481442451477,0.0848106816411018,0.0587116442620754,0.6364848613739014,0.2236534357070922,0.0384357273578643,0.1454356461763382,0.0460943542420864,0.0197644177824258,0.1123574376106262,0.3114398419857025,0.045672595500946,0.981383502483368,0.1121931076049804,0.2372712641954422,0.2533641755580902,0.033138632774353,0.0408796668052673,0.3087274730205536,0.0225584227591753,0.0568550564348697,0.2632144093513489,0.0288539323955774,0.0316917523741722,0.2690642774105072,0.2434117347002029,0.056873183697462,0.7811982035636902,0.0220702849328517,0.9897039532661438,0.0778806507587432,0.2322064936161041,0.0184956789016723,0.0190376620739698,0.0952558517456054
polar_bear,0.0873756557703018,0.019362598657608,0.989954113960266,0.937574565410614,0.0184921212494373,0.1921562254428863,0.7045731544494629,0.1376105695962906,0.9752064347267152,0.0588554106652736,0.990279734134674,0.1172749921679496,0.0411923080682754,0.0944553539156913,0.0278696902096271,0.1157991141080856,0.0165056530386209,0.0450549274682998,0.0756054669618606,0.0389540456235408,0.0494822524487972,0.047658298164606,0.4573237895965576,0.9316743612289428,0.0808615982532501,0.5757427215576172,0.0559301264584064,0.4536908566951751,0.9706010818481444,0.057384930551052,0.0348724760115146,0.2093731313943863,0.1014025881886482,0.0523554645478725,0.2348316609859466,0.3380106687545776,0.0245312172919511,0.1106199100613594,0.0414527058601379,0.8300583362579346,0.988243579864502,0.98492032289505,0.5986670851707458,0.0501430258154869,0.9851917028427124,0.033249594271183,0.0512236505746841,0.3028449714183807,0.3383589684963226,0.0899652764201164,0.9574894309043884,0.9881546497344972,0.0870329961180687,0.6007558703422546,0.9703531861305236,0.9864739179611206,0.4482499957084656,0.6487916111946106,0.0256844069808721,0.9798784255981444,0.0416985712945461,0.974235475063324,0.4400166571140289,0.0326183810830116
kangaroo,0.5027128458023071,0.0084500201046466,0.0261593535542488,0.9678510427474976,0.9791371822357178,0.0497889444231987,0.9652867317199708,0.0611570067703723,0.1155596449971199,0.0630859807133674,0.0784589424729347,0.0630964562296867,0.9781528115272522,0.0313099361956119,0.0401505939662456,0.9885931015014648,0.7692279815673828,0.9568591117858888,0.0498353727161884,0.0350346788763999,0.0714726746082305,0.6653192043304443,0.9883644580841064,0.9872490763664246,0.1405718773603439,0.022107845172286,0.0543788410723209,0.1281286925077438,0.8216304183006287,0.1716883331537246,0.2106615751981735,0.5335786938667297,0.5413891077041626,0.9915278553962708,0.2706786096096039,0.9930659532546996,0.0521769002079963,0.0488545559346675,0.0625482946634292,0.9100720286369324,0.9789532423019408,0.3730671405792236,0.0868166014552116,0.0404825396835804,0.9926875829696656,0.0512876063585281,0.0691083595156669,0.0441358536481857,0.0414355807006359,0.5084238648414612,0.0517360903322696,0.1013585925102233,0.0403082855045795,0.0230031833052635,0.9371103644371032,0.0388264507055282,0.0414539575576782,0.2023738473653793,0.0302496906369924,0.9954402446746826,0.1053361445665359,0.9715869426727296,0.6509696245193481,0.0306893736124038
cat,0.9131656289100648,0.0451863892376422,0.9922702312469482,0.9921923279762268,0.9379141926765442,0.1031807661056518,0.5176197290420532,0.0374863632023334,0.0199498850852251,0.7112364172935486,0.4786401391029358,0.0238510612398386,0.0097044426947832,0.0312311835587024,0.0356393046677112,0.9902095794677734,0.1163307577371597,0.073085717856884,0.0527365505695343,0.2456164062023162,0.0476284511387348,0.0108624417334795,0.912025272846222,0.9927794337272644,0.0646811202168464,0.0498470179736614,0.0245890263468027,0.9733642935752868,0.9922653436660768,0.990698516368866,0.0576484836637973,0.0506394878029823,0.0468418188393116,0.5750430822372437,0.0210272539407014,0.0509911812841892,0.0200321841984987,0.2664828300476074,0.0232636928558349,0.0196693334728479,0.1547539085149765,0.0305751208215951,0.1251356750726699,0.9741374254226683,0.2734831869602203,0.0278237275779247,0.0186580661684274,0.2074419260025024,0.9672923684120178,0.4342484474182129,0.0228431522846221,0.0224009826779365,0.0176421329379081,0.3137417435646057,0.2737854421138763,0.6964914202690125,0.4507262110710144,0.0193779002875089,0.824513852596283,0.0573665462434291,0.0724555626511573,0.9212490320205688,0.0904647931456565,0.1451849639415741
cow,0.0407381653785705,0.9870597124099731,0.342822402715683,0.916138768196106,0.9741929769515992,0.7982747554779053,0.9485753774642944,0.0235495828092098,0.0622726045548915,0.2722043693065643,0.9157947897911072,0.0134208165109157,0.0252048671245574,0.0262036137282848,0.9425961375236512,0.020386891439557,0.901621401309967,0.1069283336400985,0.0514574572443962,0.065902404487133,0.2057768106460571,0.1174489483237266,0.875929594039917,0.5652954578399658,0.0343893319368362,0.9867413640022278,0.0285371039062738,0.9676398038864136,0.9632956981658936,0.0467937588691711,0.3445715010166168,0.024638881906867,0.0163487829267978,0.0234405882656574,0.1312426924705505,0.0185926146805286,0.0851797461509704,0.736671507358551,0.3629984557628631,0.059541318565607,0.9589077830314636,0.919416606426239,0.1797801852226257,0.0807544067502021,0.9113307595252992,0.5948801040649414,0.1525780707597732,0.2307706624269485,0.2268969267606735,0.0308622159063816,0.5903611779212952,0.0166575722396373,0.2175929844379425,0.4986604750156402,0.9146355986595154,0.0317217819392681,0.1716264188289642,0.0397282801568508,0.018252620473504,0.0220913272351026,0.0284435655921697,0.0131527623161673,0.0334618315100669,0.0157698560506105
rabbit,0.0183921623975038,0.0164688173681497,0.9099501967430116,0.9770307540893556,0.98765367269516,0.0354360304772853,0.9497718214988708,0.0551871284842491,0.8565569519996643,0.0150874173268675,0.3628291189670563,0.3705991506576538,0.8964691758155823,0.0333989895880222,0.0077907326631248,0.8537584543228149,0.0365215055644512,0.0691825374960899,0.1069218665361404,0.0222355592995882,0.1215212643146514,0.9050551652908324,0.9306827783584596,0.9833358526229858,0.0506751351058483,0.688660740852356,0.978991687297821,0.9903046488761902,0.9746508002281188,0.9723668694496156,0.0885531827807426,0.0675950795412063,0.4418257474899292,0.0693496465682983,0.3401403129100799,0.0278586335480213,0.0312047805637121,0.0442724265158176,0.1780160069465637,0.0301868952810764,0.0939926728606224,0.0953716784715652,0.0310857854783535,0.0118050966411829,0.9942172765731812,0.0912880077958107,0.02338757365942,0.0280749201774597,0.0160435177385807,0.256121277809143,0.0330621339380741,0.0299567878246307,0.3807652294635772,0.0203494559973478,0.0292573608458042,0.0232570115476846,0.0131850037723779,0.1012795269489288,0.0072170891799032,0.0196640100330114,0.0921570882201194,0.6945257782936096,0.0298335049301385,0.0319573953747749
llama,0.0415068231523036,0.5331122875213623,0.0815701186656951,0.7310692667961121,0.9477766156196594,0.064515084028244,0.7596397995948792,0.0148446289822459,0.9933337569236756,0.0161544121801853,0.5314466953277588,0.0653678849339485,0.0168606359511613,0.976082682609558,0.0315829925239086,0.5780603885650635,0.96214497089386,0.1177381128072738,0.0230394974350929,0.419683039188385,0.0789189860224723,0.0120670683681964,0.8515209555625916,0.866524338722229,0.7632803916931152,0.0968387797474861,0.0445883758366107,0.9649287462234496,0.9804229736328124,0.0339809358119964,0.0237242672592401,0.1939802169799804,0.2028523385524749,0.9469733238220216,0.0165967345237731,0.1029882580041885,0.1138079464435577,0.024225378409028,0.8388117551803589,0.0240890402346849,0.9923932552337646,0.016891174018383,0.0302661508321762,0.9521141052246094,0.0247219130396842,0.7474610805511475,0.0863639190793037,0.0444914698600769,0.1241509094834327,0.9081321954727172,0.8133805990219116,0.0803018882870674,0.9442824721336364,0.0267024356871843,0.9458358883857728,0.1156017705798149,0.3124667406082153,0.0354991406202316,0.5693184733390808,0.9923143982887268,0.0229219049215316,0.0210063774138689,0.2564373314380646,0.1215445175766944
lion,0.9415184259414672,0.1990156471729278,0.9037593007087708,0.9357638359069824,0.0932487025856971,0.0550953783094882,0.9584846496582032,0.0757077559828758,0.9642217755317688,0.0261368472129106,0.3499682247638702,0.1265327632427215,0.0497939996421337,0.0267437025904655,0.3709039390087127,0.971053421497345,0.1447330862283706,0.0945958271622657,0.3375978469848633,0.2730608284473419,0.1944286674261093,0.2146841883659362,0.9170433282852172,0.9563694596290588,0.1601658761501312,0.0454547628760337,0.0605828016996383,0.989085614681244,0.9209956526756288,0.191671073436737,0.0996969118714332,0.2360921949148178,0.2771451473236084,0.987466037273407,0.3520874083042145,0.3295856714248657,0.082088753581047,0.078879103064537,0.0348198562860488,0.0630930513143539,0.0327044054865837,0.057908821851015,0.1252608746290207,0.0686797052621841,0.0333856716752052,0.5987488627433777,0.1047196239233017,0.1485038101673126,0.168286845088005,0.0562426596879959,0.0223668217658996,0.9883991479873656,0.0405705496668815,0.0324980430305004,0.9828170537948608,0.9759582281112672,0.0393066853284835,0.1957531422376632,0.146180510520935,0.9782212376594543,0.2761802673339844,0.0292280446738004,0.8889966607093811,0.0415331535041332
mouse,0.9473693370819092,0.3855112195014953,0.7626248002052307,0.980076014995575,0.9721999764442444,0.7903582453727722,0.9901424646377563,0.068871684372425,0.0842427834868431,0.2548146545886993,0.0181317906826734,0.106752686202526,0.0517493970692157,0.6172661781311035,0.1544719338417053,0.9874901175498962,0.0424188859760761,0.0688917934894561,0.129217728972435,0.9636600613594056,0.8110432624816895,0.1299044042825698,0.9563001990318298,0.9386451840400696,0.0545519441366195,0.2398695349693298,0.9818259477615356,0.0463680326938629,0.9896780252456664,0.941573679447174,0.0287608411163091,0.0592695623636245,0.0177784077823162,0.0347246751189231,0.021327344700694,0.0224962886422872,0.1294544488191604,0.2181479930877685,0.1291654258966446,0.0905147492885589,0.0272230859845876,0.0153243318200111,0.9684162139892578,0.0837969854474067,0.0102888830006122,0.0890068039298057,0.0184247493743896,0.0115730855613946,0.0355270989239215,0.0467383749783039,0.1645371317863464,0.0249276291579008,0.0182302165776491,0.246271327137947,0.0505986623466014,0.0259969197213649,0.0304267667233943,0.9728962182998656,0.013867761939764,0.021046569570899,0.1723692268133163,0.802883505821228,0.9189106225967408,0.0432629734277725
rhinoceros,0.0637576058506965,0.1503642350435257,0.1066008657217025,0.2232992798089981,0.341719388961792,0.1344459652900695,0.9822575449943542,0.0618331097066402,0.977308452129364,0.2051029503345489,0.9892130494117736,0.3318602740764618,0.0284241661429405,0.4456625282764435,0.0291927941143512,0.0266851224005222,0.9637080430984496,0.2664685249328613,0.9248018264770508,0.9763295650482178,0.1068145036697387,0.0294689666479825,0.7798668146133423,0.9741674065589904,0.1504970639944076,0.4017932713031769,0.0820938721299171,0.60480135679245,0.879745364189148,0.6811933517456055,0.0939917266368866,0.3187001645565033,0.958715796470642,0.0428640805184841,0.1401142627000808,0.9034337401390076,0.0583499409258365,0.3213599920272827,0.0399214848875999,0.3753710091114044,0.9917678833007812,0.987578809261322,0.0542525649070739,0.065371848642826,0.0482998192310333,0.8862459659576416,0.0766835510730743,0.0907084196805954,0.1817371547222137,0.1763172447681427,0.0350715443491935,0.9836836457252502,0.1565611660480499,0.075793907046318,0.5800312757492065,0.0391274988651275,0.6677771806716919,0.0401127636432647,0.0198332201689481,0.9904264807701112,0.0468589402735233,0.9891237020492554,0.091444119811058,0.0388486199080944
hippopotamus,0.0571115016937255,0.9730924963951112,0.9400001168251038,0.0772010385990142,0.8169199824333191,0.0931869074702262,0.9748812913894652,0.0434533469378948,0.9561044573783876,0.2404187470674514,0.9831489324569702,0.46026411652565,0.0466383919119834,0.5515810251235962,0.119526095688343,0.0673753693699836,0.985602855682373,0.0367666967213153,0.4777006208896637,0.9891538023948668,0.2296008914709091,0.030716635286808,0.0681943967938423,0.9632255434989928,0.5280696153640747,0.0337841361761093,0.0385996922850608,0.5531928539276123,0.945112645626068,0.2910917401313782,0.1021748632192611,0.0792041644454002,0.8565911054611206,0.1833491623401641,0.0376127250492572,0.97222101688385,0.2424835860729217,0.0426134951412677,0.1258651614189148,0.1771274954080581,0.988828182220459,0.9850489497184752,0.1488890796899795,0.109369933605194,0.9783577919006348,0.9632259011268616,0.0410440005362033,0.1066098362207412,0.0244978684931993,0.6125693321228027,0.8383409380912781,0.7926720976829529,0.0470389798283577,0.0349506698548793,0.9570939540863036,0.0403025820851326,0.0588910058140754,0.0582440681755542,0.1431672275066375,0.9790990352630616,0.0715883821249008,0.9762746691703796,0.0226375441998243,0.0222009699791669
elephant,0.0277127102017402,0.9878662824630736,0.2681164145469665,0.0510935485363006,0.1202361136674881,0.2961417734622955,0.6475139260292053,0.0462777353823185,0.991719365119934,0.0199359096586704,0.0379459373652935,0.8550927639007568,0.3194960355758667,0.0214340798556804,0.1438546180725097,0.0562228597700595,0.8132084608078003,0.3757452964782715,0.0530027337372303,0.9903240203857422,0.02217748016119,0.9582186341285706,0.9667143821716307,0.902741312980652,0.0306752566248178,0.0528273172676563,0.0588076151907444,0.9903064966201782,0.97099369764328,0.0937806814908981,0.1180883646011352,0.0389797873795032,0.1061610355973243,0.1973207741975784,0.0944819822907447,0.9639503359794616,0.0878304913640022,0.4193828403949737,0.0518346652388572,0.1386895626783371,0.9917935729026794,0.987467348575592,0.02838478051126,0.076286494731903,0.0239832662045955,0.9752745032310486,0.1481825411319732,0.0636127218604087,0.0985471680760383,0.0449220798909664,0.0474304631352424,0.5480924248695374,0.7876787185668945,0.0559821538627147,0.9190276861190796,0.8569287061691284,0.0270287133753299,0.9653335809707642,0.041216243058443,0.0471543446183204,0.2927266955375671,0.6941723823547363,0.0549887455999851,0.0292158108204603
horse,0.0331932194530963,0.9809296131134032,0.0813928171992302,0.9366458654403688,0.881355881690979,0.0613903179764747,0.9490442872047424,0.0463167689740657,0.1138833090662956,0.2101868242025375,0.0484636723995208,0.1015946269035339,0.0397923290729522,0.5673296451568604,0.0682669654488563,0.2469550669193267,0.9866549968719482,0.4742765426635742,0.3307511210441589,0.0225951205939054,0.0527933537960052,0.4686459004878998,0.9666816592216492,0.8169152140617371,0.0413680486381053,0.4131317138671875,0.0619160756468772,0.988171637058258,0.9753966331481934,0.9515708684921264,0.0823989957571029,0.0660600438714027,0.0427767261862754,0.8759850263595581,0.037952471524477,0.0514077432453632,0.1069282218813896,0.0385877937078475,0.2915189564228058,0.2288816124200821,0.021666832268238,0.106618694961071,0.0418650619685649,0.2908980250358581,0.0592866726219654,0.9767902493476868,0.0545493699610233,0.2683552503585815,0.0470841750502586,0.0550788752734661,0.6182041168212891,0.0428417697548866,0.0401731431484222,0.49913290143013,0.985245645046234,0.1058778166770935,0.0591411478817462,0.764970064163208,0.0320430509746074,0.0373138859868049,0.849766194820404,0.041517436504364,0.0392470471560955,0.0997648313641548
sheep,0.0854093730449676,0.7644400596618652,0.9339808821678162,0.9469166994094848,0.9838843941688538,0.1564160287380218,0.9885482788085938,0.2508954703807831,0.2756243348121643,0.0226600002497434,0.9834277033805848,0.8890407681465149,0.0304688587784767,0.981410801410675,0.0876787677407264,0.1163398548960685,0.966172456741333,0.9653753638267516,0.1625761538743972,0.3498279154300689,0.2489066421985626,0.0192293338477611,0.5890697836875916,0.2680661380290985,0.0645182654261589,0.9900733232498168,0.1100326478481292,0.9687505960464478,0.9651682376861572,0.1677830517292022,0.039313081651926,0.9908032417297364,0.3900790512561798,0.2115796357393264,0.2719578742980957,0.0619597174227237,0.0877037644386291,0.0538927353918552,0.1871397197246551,0.0721920281648635,0.9802609086036682,0.0556336678564548,0.1441912204027176,0.0259098503738641,0.9127721786499025,0.0417699292302131,0.0476283989846706,0.134536400437355,0.0334762372076511,0.0469949282705783,0.0229686424136161,0.2787823677062988,0.4632406830787658,0.9888265132904052,0.0549373961985111,0.027211308479309,0.1632884740829467,0.1017452925443649,0.0722063705325126,0.592045783996582,0.0469513274729251,0.0349555127322673,0.2773528397083282,0.1467907130718231
tiger,0.9916254878044128,0.0421329699456691,0.9825035929679872,0.986357569694519,0.0139252841472625,0.0661956444382667,0.1566117107868194,0.0715792849659919,0.979182779788971,0.0372644029557704,0.0782682970166206,0.0352445058524608,0.1107466965913772,0.078791506588459,0.3860692381858825,0.9767279028892516,0.865297794342041,0.0632151588797569,0.6625819206237793,0.0760604217648506,0.3954643905162811,0.5051648616790771,0.9894792437553406,0.9839314818382264,0.4283824861049652,0.5959347486495972,0.1159941256046295,0.9923708438873292,0.9580420851707458,0.0919506102800369,0.7905513048171997,0.6560921669006348,0.048190888017416,0.2386953383684158,0.0692819282412529,0.9490527510643004,0.0788767784833908,0.064513012766838,0.1529480814933776,0.0864439904689788,0.0605113357305526,0.0553427748382091,0.059140034019947,0.034175831824541,0.0202281847596168,0.029533002525568,0.026264538988471,0.0514402352273464,0.9222499132156372,0.0272649005055427,0.2119966447353363,0.9915340542793274,0.0210149232298135,0.8131704926490784,0.9935088157653807,0.9929922819137572,0.0123339165002107,0.0436784699559211,0.0576134845614433,0.9816463589668274,0.4454879760742187,0.1694382578134536,0.0399826057255268,0.0389087758958339
pig,0.2652230560779571,0.9798151254653932,0.9948593378067015,0.0400446280837059,0.929684042930603,0.0354917682707309,0.9376096725463868,0.0325671359896659,0.4146395623683929,0.0364372804760932,0.1195066273212432,0.6097198724746704,0.0615699253976345,0.0795247852802276,0.8460244536399841,0.086058609187603,0.9837484359741212,0.9428244233131408,0.2050105035305023,0.9614241123199464,0.0275890436023473,0.0415659733116626,0.9509189128875732,0.0630840957164764,0.0183819681406021,0.9858965277671814,0.1100342720746994,0.9897814989089966,0.9892974495887756,0.4522264003753662,0.1215913668274879,0.0360743924975395,0.960890293121338,0.0378823988139629,0.1751005947589874,0.4997586607933044,0.0339859202504158,0.1917319744825363,0.1153151094913482,0.0862287506461143,0.7490567564964294,0.9910064339637756,0.0326189920306205,0.0346323885023593,0.0187294241040945,0.0866000056266784,0.0399900861084461,0.0353091470897197,0.9512946009635924,0.0672893896698951,0.0278343446552753,0.0240243673324584,0.0537382401525974,0.2825783491134643,0.0458095706999301,0.0514208748936653,0.4825499653816223,0.0765062049031257,0.012610275298357,0.0230603162199258,0.0383127480745315,0.44992795586586,0.6861279010772705,0.0165993887931108
bat,0.8263476490974426,0.0501533225178718,0.9482359290122986,0.9469428658485411,0.853513777256012,0.2430716305971145,0.8189288973808289,0.0664917156100273,0.7078501582145691,0.960399866104126,0.0302892867475748,0.9831677079200744,0.0318383835256099,0.981637954711914,0.0558005906641483,0.0264702718704938,0.1375499665737152,0.651481568813324,0.7013595700263977,0.0770663470029831,0.0283078495413064,0.1045548841357231,0.9560210704803468,0.9748806357383728,0.1033909171819686,0.0516182444989681,0.9808339476585388,0.0362840965390205,0.6342545747756958,0.8858669400215149,0.0375286526978015,0.0224713459610939,0.9892731308937072,0.2197500020265579,0.0424189157783985,0.0704451203346252,0.0345937572419643,0.0398778840899467,0.8595706820487976,0.9517362713813782,0.4365936815738678,0.1893500238656997,0.0429313853383064,0.1933175027370453,0.9703809022903442,0.1667269170284271,0.028636259958148,0.1930820494890213,0.9768021702766418,0.090610384941101,0.0271387845277786,0.972636103630066,0.0270460471510887,0.0316966511309146,0.0309150740504264,0.0891808345913887,0.064889520406723,0.1521846652030944,0.1580306589603424,0.0436106212437152,0.3616755902767181,0.9900434017181396,0.9070554971694946,0.2548128962516784
fox,0.9765304923057556,0.07636658847332,0.9415380954742432,0.9756136536598206,0.0241960417479276,0.346600204706192,0.9605230689048768,0.0331674292683601,0.8541492819786072,0.0177235342562198,0.09955845028162,0.1208463758230209,0.9867499470710754,0.8212775588035583,0.060296781361103,0.5972593426704407,0.0732957422733306,0.4404943883419037,0.0414979346096515,0.0286385994404554,0.0838837921619415,0.0409409031271934,0.9565552473068236,0.5823137164115906,0.9530863761901855,0.5730943083763123,0.301016628742218,0.0743398368358612,0.9862124919891356,0.0406685657799243,0.0389876440167427,0.0795750841498375,0.9558578133583068,0.0441706478595733,0.1032101660966873,0.0504715591669082,0.0804480835795402,0.0693437829613685,0.0183658208698034,0.0292289182543754,0.097347691655159,0.0233154110610485,0.5851007103919983,0.1080472394824028,0.0516153573989868,0.1312819570302963,0.0354537032544612,0.0411750972270965,0.7520115971565247,0.9192857146263124,0.0346847176551818,0.9798153638839722,0.0561590641736984,0.8861890435218811,0.9584925770759584,0.4516423344612121,0.0468609705567359,0.036627110093832,0.097767986357212,0.0309541262686252,0.1080719530582428,0.954410970211029,0.0757473707199096,0.0238186027854681
wolf,0.101562425494194,0.0684963762760162,0.9810530543327332,0.9832793474197388,0.0228020939975976,0.4667828977108001,0.9704689979553224,0.4087693989276886,0.0508554391562938,0.4303361475467682,0.0625402703881263,0.089319497346878,0.2201324850320816,0.9750903844833374,0.0545348487794399,0.9866757988929749,0.5487253069877625,0.0469306223094463,0.4737484157085418,0.0463340021669864,0.0867071449756622,0.0187786482274532,0.9789783358573914,0.9728913903236388,0.1703605353832245,0.0325127094984054,0.0821726471185684,0.1937911659479141,0.9849811792373656,0.581874430179596,0.1091773062944412,0.387382298707962,0.9836549162864684,0.0596274770796299,0.065744936466217,0.0440766178071498,0.1101836711168289,0.0943243578076362,0.68435138463974,0.300143837928772,0.1332498788833618,0.6882169246673584,0.0750334486365318,0.030227318406105,0.0203085914254188,0.0739844739437103,0.0277740433812141,0.1222836002707481,0.0356899388134479,0.1484570801258087,0.7346258759498596,0.98859965801239,0.1239366978406906,0.7906706929206848,0.9862719774246216,0.973068118095398,0.1614517569541931,0.0407661460340023,0.054912019520998,0.0461450777947902,0.086532212793827,0.995147168636322,0.0314570181071758,0.1610796898603439
zebra,0.4491297900676727,0.991824209690094,0.0462209247052669,0.9278125166893004,0.3145797848701477,0.1641725599765777,0.9856890439987184,0.0399619676172733,0.9583896398544312,0.2070206403732299,0.0160386115312576,0.1780682653188705,0.9810799360275269,0.9929214119911194,0.079125314950943,0.0573495030403137,0.9339764714241028,0.0240191686898469,0.942823588848114,0.0775374844670295,0.702875018119812,0.0377880707383155,0.2384591102600097,0.9899131059646606,0.0206013526767492,0.0383944064378738,0.0492291450500488,0.9609143137931824,0.978781759738922,0.660474419593811,0.0708632543683052,0.4809827208518982,0.0923080295324325,0.0445490218698978,0.0300203524529933,0.9467977285385132,0.0621077604591846,0.1388483792543411,0.4174372255802154,0.1180870458483696,0.7105268239974976,0.1650319248437881,0.5840041637420654,0.0260453317314386,0.9602289199829102,0.4865557253360748,0.0212596859782934,0.0232871137559413,0.1095634400844574,0.0412558056414127,0.6540198922157288,0.050871405750513,0.0226160902529954,0.901068389415741,0.9942134022712708,0.0273479875177145,0.2124938815832138,0.0765248164534568,0.1836075335741043,0.9463982582092284,0.0566381029784679,0.0290219224989414,0.0731208249926567,0.3707441687583923
eagle,0.9699455499649048,0.0287315268069505,0.9231648445129396,0.0348803102970123,0.0300309974700212,0.0518590211868286,0.801300048828125,0.1292966157197952,0.0783094465732574,0.2861360013484955,0.5667412877082825,0.1406852006912231,0.1206007525324821,0.0258480627089738,0.0886813253164291,0.0518406145274639,0.0791918560862541,0.97867351770401,0.1748378276824951,0.9795035123825072,0.2406904250383377,0.1701429486274719,0.9810313582420348,0.9385516047477722,0.3061572015285492,0.2895025610923767,0.8527066111564636,0.0369927361607551,0.0406072176992893,0.330411285161972,0.0333240404725074,0.9363855123519896,0.9888805150985718,0.9414414763450624,0.0357993319630622,0.9879062175750732,0.9574506282806396,0.0792581588029861,0.4771668910980224,0.0610818564891815,0.601100742816925,0.0435513146221637,0.0878670439124107,0.0745958760380745,0.0591605231165885,0.0239084511995315,0.9723351001739502,0.9834561944007874,0.9601627588272096,0.8362970352172852,0.1522798091173172,0.8465726375579834,0.1538456380367279,0.2629126012325287,0.988767683506012,0.9697629809379578,0.0449940674006938,0.1281334608793258,0.8036786913871765,0.1929094493389129,0.0138038527220487,0.1249026656150817,0.0438977815210819,0.9711390733718872
dove,0.139933168888092,0.9802462458610536,0.9741952419281006,0.959235668182373,0.6435127258300781,0.0331625677645206,0.9834756851196288,0.0515890680253505,0.3618663549423218,0.0335684232413768,0.0493890345096588,0.182805597782135,0.7735790610313416,0.977467119693756,0.1171676963567733,0.9833074808120728,0.0716792121529579,0.9854493737220764,0.4859848022460937,0.953674852848053,0.0390552543103694,0.196794643998146,0.1531524211168289,0.311515599489212,0.1371084600687027,0.0557590909302234,0.9753457903862,0.0679828971624374,0.0554697029292583,0.9605035781860352,0.9533597826957704,0.866295576095581,0.0240270718932151,0.957124650478363,0.9085206389427184,0.4460103511810303,0.1033129915595054,0.8735939264297485,0.1238877922296524,0.0606837272644043,0.496129423379898,0.0366385877132415,0.0362861305475235,0.0186895187944173,0.5128075480461121,0.031947735697031,0.9761198163032532,0.8405451774597168,0.9830585718154908,0.3360925018787384,0.1362906247377395,0.1052438095211982,0.9504460096359252,0.0725720226764679,0.1088975593447685,0.056128479540348,0.0441089421510696,0.0747772976756095,0.0422133281826972,0.0419100113213062,0.8365737795829773,0.1192820742726326,0.0282699558883905,0.0579083301126956
duck,0.0427370332181453,0.9927484393119812,0.9792190194129944,0.0326306410133838,0.2701060473918915,0.9760856628417968,0.987559139728546,0.0284271091222763,0.166457787156105,0.0960673540830612,0.7593836188316345,0.3512214422225952,0.0804251879453659,0.1303276121616363,0.3071281015872955,0.9861921072006226,0.016980867832899,0.9013150930404664,0.0405771248042583,0.978454887866974,0.055479060858488,0.2253534197807312,0.0635406300425529,0.2647728621959686,0.1931950151920318,0.045786689966917,0.8729959726333618,0.0774523168802261,0.5478849411010742,0.9912554025650024,0.960740327835083,0.0224545206874609,0.3372555375099182,0.7583693861961365,0.2636811733245849,0.9860029220581056,0.3318823575973511,0.2067839205265045,0.0375309810042381,0.0766407549381256,0.0658575817942619,0.0747068002820015,0.7733323574066162,0.3930813074111938,0.1620799452066421,0.0354023277759552,0.9297580122947692,0.0543675646185874,0.0366632677614688,0.8434631824493408,0.1164247319102287,0.0726042240858078,0.0686499401926994,0.1373005509376526,0.3371585607528686,0.179142877459526,0.9942408800125122,0.8843458890914917,0.683532178401947,0.0320123471319675,0.9508852362632751,0.0643156766891479,0.0202854853123426,0.2773120999336242
magpie,0.0489945597946643,0.9809205532073976,0.9644405245780944,0.9518094658851624,0.6560087203979492,0.546671450138092,0.981233775615692,0.0886494070291519,0.0332268849015235,0.0603483654558658,0.0697001591324806,0.0581324025988578,0.1378551870584488,0.7493950128555298,0.0843322947621345,0.2204148918390274,0.0523155480623245,0.9490060210227966,0.031076019629836,0.0502921305596828,0.051772367209196,0.5570052862167358,0.1717394590377807,0.0570384114980697,0.0238403268158435,0.1149854734539985,0.2142901271581649,0.189042329788208,0.2933577299118042,0.9645406603813172,0.9506887197494508,0.3244744837284088,0.9869794845581056,0.348924309015274,0.9733139872550964,0.1008665785193443,0.2293160408735275,0.9321889281272888,0.987613081932068,0.063489094376564,0.0265327338129282,0.0269746724516153,0.961304783821106,0.9819918870925904,0.0687514692544937,0.0584285520017147,0.8837465643882751,0.975290834903717,0.976051926612854,0.5950132608413696,0.3352917432785034,0.0617982558906078,0.3866789638996124,0.948663592338562,0.0800713971257209,0.9516251683235168,0.0290634240955114,0.0866324454545974,0.1302211880683899,0.1499782353639602,0.0573960877954959,0.5286744832992554,0.9329581260681152,0.9605072140693665
pheasant,0.0187477897852659,0.988869309425354,0.1506320089101791,0.159819483757019,0.9683389663696288,0.9700344800949096,0.982991337776184,0.7081851959228516,0.0186306405812501,0.0941022336483001,0.4883521199226379,0.0224613230675458,0.9583923816680908,0.2598074376583099,0.0487883053719997,0.4751920998096466,0.077769249677658,0.3885762095451355,0.051957368850708,0.6377868056297302,0.3614043891429901,0.4500541985034942,0.2438956052064895,0.799640953540802,0.0795091688632965,0.5575350522994995,0.9324963092803956,0.0520547404885292,0.1374086886644363,0.9760696291923524,0.9829517006874084,0.3135145902633667,0.9921517372131348,0.9914719462394714,0.9900258779525756,0.6224780082702637,0.0454626530408859,0.9796905517578124,0.0421950928866863,0.0520556047558784,0.0717916935682296,0.0746567621827125,0.6819753646850586,0.0212169606238603,0.1114800497889518,0.0293612089008092,0.9701293110847472,0.6022164821624756,0.654233992099762,0.030333824455738,0.0305697172880172,0.1523825973272323,0.5242160558700562,0.1928437054157257,0.9895109534263612,0.0320074334740638,0.3125620186328888,0.0540361031889915,0.0848031789064407,0.9225610494613647,0.0466083101928234,0.7120993137359619,0.0608635507524013,0.960659682750702
vulture,0.9593977332115172,0.1006889194250106,0.9382901787757874,0.0549119226634502,0.0215890686959028,0.5095342397689819,0.9621018171310424,0.1847313195466995,0.0315426588058471,0.9459094405174256,0.0960912778973579,0.829319417476654,0.2245994061231613,0.0466095618903636,0.8960368037223816,0.0854978039860725,0.0181348212063312,0.7228022217750549,0.9709507822990416,0.5764641165733337,0.2281159162521362,0.113304816186428,0.1725750863552093,0.9663298726081848,0.972405970096588,0.6631383299827576,0.3564105331897735,0.1244162619113922,0.0528593622148036,0.9819191694259644,0.2784579396247864,0.1603692471981048,0.9910194277763368,0.085170179605484,0.1546349227428436,0.983453094959259,0.7992841005325317,0.0549301877617836,0.9778728485107422,0.0674647763371467,0.3967400193214416,0.7960092425346375,0.0233542490750551,0.0230632815510034,0.1313591599464416,0.7986850738525391,0.9626286625862122,0.975705087184906,0.5260418057441711,0.4075785875320434,0.0367315523326396,0.1839378327131271,0.9912338852882384,0.0907061845064163,0.9832204580307008,0.9545239806175232,0.2514430582523346,0.1827079653739929,0.4007118046283722,0.3451384603977203,0.023308603093028,0.0193471536040306,0.1124167963862419,0.7302642464637756
rooster,0.0645659565925598,0.9862478375434875,0.9510756731033324,0.1177209690213203,0.0762006267905235,0.0624218061566352,0.9656394124031068,0.982815682888031,0.0159256607294082,0.5354014039039612,0.3314842879772186,0.0410228073596954,0.0196852646768093,0.1165095344185829,0.0709298253059387,0.9809811115264891,0.0612539872527122,0.8164626359939575,0.0297655053436756,0.1363282352685928,0.0297131948173046,0.030303856357932,0.042187787592411,0.0189918372780084,0.0545576848089695,0.2269966304302215,0.4380630552768707,0.0507338419556617,0.8887113928794861,0.9830307364463806,0.2723769545555115,0.3168502748012543,0.9390745162963868,0.9892823696136476,0.9870951771736144,0.3966286778450012,0.025623271241784,0.0640685781836509,0.0480652041733264,0.2306457012891769,0.0324916876852512,0.0807315409183502,0.0313185192644596,0.0173787102103233,0.5047304034233093,0.0208836309611797,0.7992771863937378,0.8710113763809204,0.4648109078407287,0.0440480858087539,0.0114842522889375,0.6805604100227356,0.9901424050331116,0.0965570881962776,0.9859144687652588,0.0195947978645563,0.9913255572319032,0.0590726807713508,0.0556801483035087,0.0189382974058389,0.030908403918147,0.0331850945949554,0.0273163095116615,0.9686184525489808
turkey,0.0673197954893112,0.9834217429161072,0.9791573882102966,0.1671291291713714,0.0457813628017902,0.0740905851125717,0.9930946826934814,0.0491246990859508,0.3801594376564026,0.5829496383666992,0.3815561532974243,0.047905184328556,0.2416779845952987,0.392266571521759,0.0270833019167184,0.097290426492691,0.0380199253559112,0.9837952852249146,0.8091071248054504,0.0256247948855161,0.0618311837315559,0.0411564297974109,0.0945547446608543,0.0323820263147354,0.6245626211166382,0.5360749363899231,0.9848323464393616,0.0918257907032966,0.2120385915040969,0.9842163920402528,0.900564968585968,0.0523706302046775,0.945589244365692,0.9902998208999634,0.9586448073387146,0.6138185858726501,0.0552152954041957,0.9867019057273864,0.017692157998681,0.3823788166046142,0.2153247594833374,0.6732760667800903,0.022790053859353,0.0143530564382672,0.0409484356641769,0.365154892206192,0.9625855684280396,0.0469406507909297,0.9829570055007936,0.1067052111029625,0.0226604640483856,0.0629666671156883,0.800178050994873,0.9406892657279968,0.9827331304550172,0.0332884155213832,0.7157842516899109,0.056344736367464,0.0499110855162143,0.0351447835564613,0.1348633021116256,0.1135858297348022,0.0679024904966354,0.4645291268825531
canary,0.0979649871587753,0.8275110125541687,0.8392278552055359,0.1262556761503219,0.9831036329269408,0.055899366736412,0.9463568925857544,0.2735594511032104,0.0687080845236778,0.0673825815320015,0.0419872961938381,0.165652796626091,0.0838550999760627,0.2669914364814758,0.9813929200172424,0.9091914892196656,0.0710998997092247,0.9739246964454652,0.0310603603720664,0.0308750327676534,0.5296773314476013,0.1166984066367149,0.913243055343628,0.9747479557991028,0.060123074799776,0.0555118136107921,0.2645068764686584,0.18434739112854,0.0355199091136455,0.9297181367874146,0.9386647939682008,0.7926828861236572,0.0817914232611656,0.0894607231020927,0.9861572980880736,0.9873084425926208,0.0679782778024673,0.0988724082708358,0.854884922504425,0.0806571170687675,0.0372575893998146,0.0296522080898284,0.2851900160312652,0.0362864322960376,0.0446273311972618,0.704768180847168,0.9672347903251648,0.1428217887878418,0.6060734391212463,0.9195025563240052,0.4184373617172241,0.1112476214766502,0.9801203608512878,0.0246802996844053,0.1305956691503524,0.8975438475608826,0.9909351468086244,0.044787973165512,0.0636794194579124,0.7402909398078918,0.0201568622142076,0.0531625673174858,0.9513609409332277,0.0327421836555004
chicken,0.1197310984134674,0.9872482419013976,0.9820227026939392,0.4109613597393036,0.4517530500888824,0.1694199442863464,0.8899772763252258,0.297129362821579,0.0916203707456588,0.107107326388359,0.0719011276960372,0.5055226683616638,0.0965677127242088,0.4245145916938782,0.3479425311088562,0.9781821966171264,0.0252000819891691,0.9299728274345398,0.5605272650718689,0.4752322137355804,0.6433913111686707,0.0500039346516132,0.0608216375112533,0.03066230379045,0.6985353231430054,0.1391943395137787,0.0613234192132949,0.1003799214959144,0.0612407438457012,0.9743707180023192,0.0818390846252441,0.4538306891918182,0.0884228348731994,0.9866433143615724,0.9833362102508544,0.1068500950932502,0.0523584075272083,0.3863862752914428,0.843043327331543,0.4667836427688598,0.5112526416778564,0.0407479479908943,0.7051692605018616,0.0836247503757476,0.4346030950546264,0.0412577055394649,0.7250043153762817,0.3860816657543182,0.9770092368125916,0.0465226881206035,0.0414963886141777,0.0321656763553619,0.9898541569709778,0.976937770843506,0.9652747511863708,0.0323819629848003,0.9846569895744324,0.123202383518219,0.0914415642619133,0.0226754490286111,0.326714426279068,0.0148509815335273,0.0354834981262683,0.9825577139854432
cuckoo,0.0252672396600246,0.042207833379507,0.6600388884544373,0.0591813288629055,0.776874840259552,0.0316640734672546,0.8600888848304749,0.0237064734101295,0.1285222470760345,0.3098863363265991,0.0740770772099495,0.0648325160145759,0.9054834842681884,0.0480705164372921,0.0984084904193878,0.7038628458976746,0.1251924037933349,0.9641883969306946,0.870114803314209,0.0806745663285255,0.9236586689949036,0.0750947296619415,0.9182128310203552,0.2647334933280945,0.0370240062475204,0.0248610284179449,0.1590477228164672,0.0538429543375968,0.0574763678014278,0.3252488076686859,0.870189368724823,0.1122333407402038,0.962702214717865,0.6916655898094177,0.9518213272094728,0.2789583504199981,0.5019189715385437,0.1643102020025253,0.1869405806064605,0.0943834707140922,0.9526138305664062,0.8521408438682556,0.1508475244045257,0.1117701828479766,0.0514079295098781,0.2048277109861374,0.9540256261825562,0.968173325061798,0.9675331115722656,0.08131605386734,0.3054670393466949,0.0282293576747179,0.9817516207695008,0.9785553216934204,0.0356996618211269,0.9578315019607544,0.0385825783014297,0.9796252250671388,0.1028456017374992,0.0354485511779785,0.974443256855011,0.1912675946950912,0.8020359873771667,0.985695779323578
crow,0.0786047130823135,0.0812179371714592,0.9681907296180724,0.1938201338052749,0.0183091517537832,0.0601615570485591,0.9864896535873412,0.9423763155937196,0.8089540004730225,0.1827785223722458,0.0394819043576717,0.0183315686881542,0.0583800785243511,0.1004330068826675,0.0426583550870418,0.0559681355953216,0.1339819133281707,0.9719247817993164,0.0304292775690555,0.0342245064675807,0.0441186726093292,0.1315469145774841,0.5377267599105835,0.0551624409854412,0.0233764089643955,0.0694441273808479,0.3968600928783417,0.7450043559074402,0.1693575531244278,0.966199517250061,0.0351070128381252,0.5778028964996338,0.9754519462585448,0.4452133178710937,0.9522567987442015,0.934702455997467,0.045600801706314,0.9750808477401732,0.9731513261795044,0.0881377980113029,0.8302406072616577,0.0708987340331077,0.0967358723282814,0.932565987110138,0.0366146937012672,0.4534936249256134,0.9026015996932985,0.8470661044120789,0.9758729934692384,0.9796990156173706,0.0696635022759437,0.0381665974855423,0.8672508001327515,0.9695796370506288,0.2809203565120697,0.9160760045051576,0.0463293641805648,0.0576697960495948,0.0328638479113578,0.0594019219279289,0.9069979190826416,0.1192791387438774,0.9447794556617736,0.7549645900726318
chickadee,0.0887000784277916,0.679699182510376,0.9214094281196594,0.1045383065938949,0.9810494780540466,0.0966432094573974,0.8407167792320251,0.8928128480911255,0.1137859523296356,0.1497504562139511,0.0446157678961753,0.1913952380418777,0.0793520882725715,0.0394104309380054,0.0952280536293983,0.860450267791748,0.0297572035342454,0.9505907893180848,0.031045738607645,0.295841246843338,0.9845102429389954,0.1805411130189895,0.3220348060131073,0.9868685603141784,0.0431648343801498,0.928128182888031,0.9447472095489502,0.0849021896719932,0.5441361665725708,0.9737589359283448,0.990519881248474,0.0297624226659536,0.9801200032234192,0.0311430748552083,0.8388775587081909,0.1516034752130508,0.265644758939743,0.9300608038902284,0.7005742192268372,0.6212238669395447,0.0921882763504982,0.0525714792311191,0.0257108360528945,0.0666140019893646,0.2044978439807891,0.0472780801355838,0.9756317734718324,0.9912909269332886,0.0551861524581909,0.5353811383247375,0.1570098996162414,0.052973136305809,0.9077275395393372,0.1506558209657669,0.0527813732624053,0.9926586747169496,0.0465548336505889,0.971538245677948,0.418635755777359,0.2847369313240051,0.1038147807121276,0.0130732087418437,0.9739202857017516,0.0472492203116416
seagull,0.1056266501545906,0.7363782525062561,0.9883717894554138,0.0922367498278617,0.0156898070126771,0.8385072946548462,0.9837716221809388,0.2837164998054504,0.0473671406507492,0.3651103675365448,0.1135076805949211,0.0560437403619289,0.1175803989171981,0.211058497428894,0.8142132759094238,0.1095535829663276,0.1058610379695892,0.943266212940216,0.370305061340332,0.0878809690475463,0.031778085976839,0.0198147930204868,0.1446017026901245,0.2303535938262939,0.3145079016685486,0.2355630099773407,0.9726747870445251,0.0978744700551033,0.7546937465667725,0.9715686440467834,0.0563832558691501,0.979278028011322,0.7678537964820862,0.0233532004058361,0.1613414585590362,0.9764500260353088,0.0353433489799499,0.9867597222328186,0.9785738587379456,0.0585801042616367,0.349308580160141,0.1550035625696182,0.9823142290115356,0.6346449255943298,0.9832122921943665,0.2028554826974868,0.9563404321670532,0.1194295585155487,0.9760466814041138,0.189805582165718,0.0484354868531227,0.1420462131500244,0.8886925578117371,0.1840145885944366,0.0901768952608108,0.9870914220809937,0.3602315485477447,0.1181034073233604,0.9817097783088684,0.0838356912136077,0.9885751605033876,0.1649505496025085,0.1458709985017776,0.0739098489284515
blackbird,0.0186099745333194,0.0316504649817943,0.9515703916549684,0.0544478558003902,0.2313036024570465,0.045424748212099,0.9752895832061768,0.1647386252880096,0.1249321326613426,0.5300807356834412,0.0439034961163997,0.0271019227802753,0.0678887888789177,0.0237285569310188,0.0467187389731407,0.1050255075097084,0.043661430478096,0.9154805541038512,0.0456559918820858,0.0438686423003673,0.9062578082084656,0.0216458085924386,0.1024205908179283,0.6263197660446167,0.0379567742347717,0.7528997659683228,0.7592973709106445,0.156683400273323,0.3914945125579834,0.9249597787857056,0.9641929864883424,0.953140676021576,0.9816710948944092,0.2273004651069641,0.9252485036849976,0.1843098551034927,0.2080363929271698,0.8035367131233215,0.2854321300983429,0.1346631497144699,0.0687990188598632,0.8566621541976929,0.0379955805838108,0.6920343637466431,0.6628113985061646,0.0930239632725715,0.9198983311653136,0.9916154742240906,0.8488005995750427,0.9616658091545104,0.0431299842894077,0.0426964238286018,0.9867740869522096,0.0633833259344101,0.097210593521595,0.9539827704429626,0.330391377210617,0.8520667552947998,0.093153528869152,0.1941084563732147,0.9521506428718568,0.0220045391470193,0.9501128196716307,0.4268486797809601
sparrow,0.0438348837196826,0.0950277149677276,0.976047933101654,0.8700507879257202,0.6978601217269897,0.2535282671451568,0.9870044589042664,0.278913140296936,0.0391714908182621,0.0471334084868431,0.8799116611480713,0.1024817824363708,0.0658818408846855,0.0365351848304271,0.2580129206180572,0.3799501657485962,0.5281814932823181,0.8977116346359253,0.5110450983047485,0.0677829533815383,0.3338415026664734,0.0986396595835685,0.1407606750726699,0.9709521532058716,0.1118354871869087,0.232314646244049,0.5294066071510315,0.1438608169555664,0.0320156924426555,0.9622241854667664,0.9866482615470886,0.0482691936194896,0.9856393337249756,0.1933247447013855,0.9892760515213012,0.395075261592865,0.0396208465099334,0.9503617286682128,0.535491943359375,0.8595609068870544,0.7805746793746948,0.0798607468605041,0.1428411155939102,0.0434716343879699,0.7392792701721191,0.113926962018013,0.9296783804893494,0.9866718649864196,0.9440830945968628,0.9754245281219482,0.0889107659459114,0.2287988811731338,0.9862745404243468,0.1999951750040054,0.0337702557444572,0.9546857476234436,0.2136429399251938,0.4775384068489074,0.0581756383180618,0.0246229339390993,0.9791579842567444,0.9328472018241882,0.954108953475952,0.0385055392980575
stork,0.0947945788502693,0.2358026057481765,0.8925142884254456,0.0907768383622169,0.0429039485752582,0.9187821745872498,0.7223737239837646,0.0251361224800348,0.0490492656826972,0.0477949865162372,0.9851897358894348,0.9714341759681702,0.0391553714871406,0.0880815163254737,0.1925086975097656,0.0491049066185951,0.0610735975205898,0.9702875018119812,0.0430047996342182,0.0372486189007759,0.058568324893713,0.0702699571847915,0.0994843095541,0.9890429377555848,0.7248699069023132,0.8390719294548035,0.198903426527977,0.0377954132854938,0.5074620246887207,0.9635399580001832,0.0813685357570648,0.0335776805877685,0.0782930478453636,0.0566934943199157,0.0267400089651346,0.8927925229072571,0.1334108561277389,0.128619834780693,0.047544278204441,0.0743087902665138,0.0784632489085197,0.0270335990935564,0.9590606093406676,0.9907286167144777,0.2401624172925949,0.7445192933082581,0.9849395751953124,0.9780781865119934,0.9179157614707948,0.1253019124269485,0.9870461225509644,0.0967265516519546,0.9316712617874146,0.0412879809737205,0.9668616652488708,0.9890885949134828,0.020364873111248,0.0431301295757293,0.1896297335624694,0.8680483102798462,0.1887111365795135,0.02696936391294,0.5670772194862366,0.9282870292663574
parrot,0.6036540865898132,0.9651750922203064,0.7062180638313293,0.0302437469363212,0.2940050959587097,0.0723033994436264,0.9386099576950072,0.036880787461996,0.513532817363739,0.0240644123405218,0.3710223138332367,0.5524767637252808,0.5722100138664246,0.0633193179965019,0.0271303132176399,0.1698798388242721,0.0205149054527282,0.8568530082702637,0.0311978738754987,0.0441577956080436,0.0267014801502227,0.4726777374744415,0.7088836431503296,0.749398410320282,0.0679929330945015,0.1182059049606323,0.0578193962574005,0.3685544729232788,0.0889343917369842,0.9587683081626892,0.095552422106266,0.2266226559877395,0.9642199873924256,0.0487999580800533,0.9747908115386964,0.9909928441047668,0.0387349016964435,0.1136048659682273,0.1675469279289245,0.4029400646686554,0.2757176160812378,0.0291309989988803,0.1224785670638084,0.0440239086747169,0.0340344831347465,0.1255827695131302,0.9777097702026368,0.9260180592536926,0.4275495707988739,0.0282937195152044,0.0452103242278099,0.1532371640205383,0.9879288077354432,0.5304444432258606,0.3472861051559448,0.9879599809646606,0.9914239048957824,0.8152896165847778,0.8825452923774719,0.0864255353808403,0.0488625578582286,0.4337159991264343,0.0790259316563606,0.0561729446053504
parakeet,0.3850199580192566,0.3857708871364593,0.1942322105169296,0.0684333071112632,0.9713682532310486,0.3170240521430969,0.9917604923248292,0.0344522409141063,0.1161629483103752,0.0513017773628234,0.1282935142517089,0.0252281427383422,0.0561863929033279,0.5481837391853333,0.3095801770687103,0.3919872939586639,0.0458948202431201,0.9404246807098388,0.2569707036018371,0.5934097170829773,0.1010126024484634,0.5083983540534973,0.3239481747150421,0.9522108435630798,0.0388664454221725,0.0542935505509376,0.0555927269160747,0.0333285965025424,0.0303023234009742,0.9800941348075868,0.9467015862464904,0.4445466697216034,0.3469302356243133,0.0803869366645813,0.9896608591079712,0.9899441003799438,0.0434453301131725,0.2099920809268951,0.0350703969597816,0.0537473857402801,0.0746360123157501,0.0281982868909835,0.0383637845516204,0.021555483341217,0.3722969889640808,0.0563326962292194,0.9642866253852844,0.4533365368843078,0.9780690670013428,0.9700984358787536,0.1033288314938545,0.0759107321500778,0.9911556243896484,0.2085366696119308,0.4452230632305145,0.9670959711074828,0.9907151460647584,0.7311696410179138,0.5075504183769226,0.1401053518056869,0.1586397737264633,0.0351978950202465,0.9636908769607544,0.0207600556313991
peacock,0.6982726454734802,0.384157657623291,0.0928647518157959,0.0456016212701797,0.9829250574111938,0.4877122044563293,0.987621247768402,0.7800838351249695,0.8840402960777283,0.0129015799611806,0.06453737616539,0.0361376330256462,0.0271549634635448,0.0528447031974792,0.0797588750720024,0.0165659580379724,0.0396014526486396,0.9482455849647522,0.06789530813694,0.0499504990875721,0.992399036884308,0.9263258576393129,0.1576135903596878,0.0856722816824913,0.0431402474641799,0.8502240180969238,0.9738465547561646,0.1493142694234848,0.041314385831356,0.8283833861351013,0.081190325319767,0.0494063571095466,0.9882043600082396,0.9882920384407043,0.8498417735099792,0.632606029510498,0.0571704171597957,0.4427826702594757,0.0369838215410709,0.0247801076620817,0.0616617463529109,0.0502467826008796,0.0915517210960388,0.207431674003601,0.0420788563787937,0.1598347425460815,0.9727454781532288,0.9785361886024476,0.9543413519859314,0.0323290042579174,0.1176448836922645,0.0511270649731159,0.2480726391077041,0.1742330938577652,0.9915750622749328,0.3104860186576843,0.7638041973114014,0.0598110631108284,0.096127837896347,0.0344164185225963,0.0599346496164798,0.722529947757721,0.0244538355618715,0.9818939566612244
pelican,0.0252438765019178,0.9737123847007751,0.9215022325515748,0.0182559359818696,0.0240101367235183,0.3456037640571594,0.9798593521118164,0.0526558570563793,0.6075902581214905,0.1619211286306381,0.0993043109774589,0.0910040661692619,0.0875889882445335,0.8575908541679382,0.0368264578282833,0.0233376212418079,0.068641185760498,0.9827464818954468,0.7581453323364258,0.0422385707497596,0.1735530197620391,0.0209330916404724,0.0369055233895778,0.9541773200035096,0.0509324520826339,0.218583658337593,0.082601211965084,0.0653330236673355,0.3260838985443115,0.928591012954712,0.0785870477557182,0.3008247911930084,0.4174241721630096,0.0616090632975101,0.019835390150547,0.9672749638557434,0.921639084815979,0.2012367397546768,0.1148317232728004,0.8153460621833801,0.9810478091239928,0.0557900033891201,0.951120376586914,0.8451804518699646,0.5364976525306702,0.9506497979164124,0.9550390243530272,0.0328826047480106,0.0202371217310428,0.9574435353279114,0.1470158100128173,0.1866245865821838,0.3214495778083801,0.0887174978852272,0.8795401453971863,0.9815984964370728,0.989250659942627,0.1558208465576172,0.9018916487693788,0.969976246356964,0.8389602303504944,0.1331873685121536,0.0226886942982673,0.9606106281280518
penguin,0.3425323665142059,0.9777063727378844,0.9892767667770386,0.0319094955921173,0.08868920058012,0.959114134311676,0.1097845286130905,0.2985581159591675,0.7446575164794922,0.0368604324758052,0.8089117407798767,0.3016954660415649,0.3063164353370666,0.2734572291374206,0.2148776203393936,0.1326693892478943,0.2394502311944961,0.9136047959327698,0.0735463127493858,0.0985760018229484,0.9739003777503968,0.1536302119493484,0.0557461194694042,0.7979274392127991,0.099741980433464,0.9746026992797852,0.0232401378452777,0.6087182760238647,0.0836601182818412,0.9745033979415894,0.422321617603302,0.0499066673219203,0.97865092754364,0.0770197510719299,0.0284479055553674,0.979386270046234,0.03402990847826,0.925816535949707,0.9865597486495972,0.1061802208423614,0.9863300919532776,0.979327380657196,0.374075323343277,0.5031301975250244,0.970082700252533,0.0393930673599243,0.852059543132782,0.0515243411064147,0.0220198463648557,0.9487834572792052,0.0679384469985961,0.0313286520540714,0.021474028006196,0.3110428154468536,0.699700653553009,0.983206868171692,0.9930116534233092,0.6720412373542786,0.1708056777715683,0.96250718832016,0.0735096782445907,0.2796406149864197,0.0410186611115932,0.9852070212364196
heron,0.6324912905693054,0.8743037581443787,0.9169773459434508,0.0303667765110731,0.0853500515222549,0.990655243396759,0.8237431645393372,0.1911559849977493,0.4309708178043365,0.1017773896455764,0.0563309453427791,0.1792645007371902,0.0310171879827976,0.4184565246105194,0.014962806366384,0.0250287670642137,0.0445997565984725,0.7266698479652405,0.0503000803291797,0.1740835756063461,0.2498045265674591,0.0584258511662483,0.0242970772087574,0.9778558611869812,0.9434489011764526,0.5683865547180176,0.9739859700202942,0.0320602618157863,0.0218099523335695,0.9773570895195008,0.0915738716721534,0.0228927731513977,0.0742891430854797,0.9855535626411438,0.0417038761079311,0.0600965060293674,0.9407922625541688,0.6328564882278442,0.0236709378659725,0.2054650485515594,0.0407432802021503,0.0259802546352148,0.057991374284029,0.8919933438301086,0.6600383520126343,0.0253092478960752,0.979369580745697,0.9937224984169006,0.7958199977874756,0.6770364046096802,0.0549161285161972,0.4569017887115478,0.482917308807373,0.2089426964521408,0.9883335828781128,0.9928378462791444,0.0241623315960168,0.2613393664360046,0.87688809633255,0.9842729568481444,0.9761946797370912,0.0203581862151622,0.0255328994244337,0.2194129377603531
robin,0.0435013771057128,0.564619243144989,0.9751690626144408,0.2843478322029114,0.9603588581085204,0.0325689017772674,0.9152162075042723,0.5940719246864319,0.7611470222473145,0.0609754547476768,0.1105682030320167,0.0789831355214119,0.0695147514343261,0.0679297745227813,0.0372700616717338,0.0537112355232238,0.2284641563892364,0.1369497925043106,0.9447508454322816,0.1791409701108932,0.2149425148963928,0.4453262686729431,0.0596614703536033,0.9875812530517578,0.1931289285421371,0.0573314353823661,0.357313871383667,0.1299781799316406,0.029706809669733,0.9334648251533508,0.9868152737617492,0.0212501976639032,0.6194317936897278,0.1475332677364349,0.9718710780143738,0.0446942038834095,0.5272469520568848,0.9841193556785583,0.3396843373775482,0.0721484273672103,0.4319328665733337,0.3122541308403015,0.7085995078086853,0.0830898284912109,0.2131285816431045,0.2588125169277191,0.970076024532318,0.982558250427246,0.8995755910873413,0.979961633682251,0.3038548827171325,0.0885125696659088,0.9861332774162292,0.0252725500613451,0.0187842939049005,0.9843096733093262,0.8892102837562561,0.984471082687378,0.0240722373127937,0.055175095796585,0.8422464728355408,0.1453764587640762,0.6159120798110962,0.7319875955581665
woodpecker,0.9375397562980652,0.0297202914953231,0.9732444286346436,0.0371247306466102,0.9768028259277344,0.4807920753955841,0.5319129228591919,0.9880643486976624,0.0573668889701366,0.049399297684431,0.0358261168003082,0.0518438257277011,0.0874510779976844,0.044016059488058,0.0580926537513732,0.0970258563756942,0.4835025668144226,0.9558898210525512,0.0413725934922695,0.0438635572791099,0.0456255786120891,0.1263837963342666,0.9793319702148438,0.7215898036956787,0.1274087280035019,0.1865318119525909,0.9023687243461608,0.4037176668643951,0.1333436220884323,0.184335321187973,0.978257954120636,0.1068615764379501,0.1394099742174148,0.9678831100463868,0.6810612082481384,0.4753605127334595,0.9242380261421204,0.0393294058740139,0.1850231438875198,0.0621743574738502,0.5079705715179443,0.0974339768290519,0.955308735370636,0.6295427680015564,0.7685380578041077,0.0867499709129333,0.9826605916023254,0.9940333962440492,0.9650313258171082,0.0714543461799621,0.0319341644644737,0.0360800884664058,0.9916022419929504,0.043983805924654,0.5024805665016174,0.9875226616859436,0.946895956993103,0.2706368863582611,0.3976680934429168,0.060721356421709,0.5497704744338989,0.1344659626483917,0.0233133677393198,0.9827049374580384
ostrich,0.0588870085775852,0.9619471430778505,0.0800143852829933,0.5981947183609009,0.0209674555808305,0.0381623096764087,0.8352593183517456,0.040388748049736,0.0982744768261909,0.2018367648124694,0.0468777790665626,0.050013493746519,0.0720439255237579,0.0402731299400329,0.0408166386187076,0.9760181903839112,0.6094630360603333,0.9754297137260436,0.8386863470077515,0.0340350158512592,0.8319143056869507,0.4046118259429931,0.0997348949313163,0.6535456776618958,0.0630110278725624,0.0877621695399284,0.9127820134162904,0.5934424996376038,0.0578161440789699,0.9627408981323242,0.1128579378128051,0.0480573512613773,0.986668348312378,0.993794322013855,0.0778114795684814,0.9547988772392272,0.922582507133484,0.9553720355033876,0.0990076288580894,0.9155351519584656,0.2339880764484405,0.8470194339752197,0.0782221481204032,0.5542709231376648,0.0211735814809799,0.9816001653671264,0.9516961574554444,0.0394888408482074,0.8898234963417053,0.988926887512207,0.2660885751247406,0.0617405548691749,0.3879226148128509,0.2297400832176208,0.9460290670394896,0.137218490242958,0.6869227886199951,0.1108228415250778,0.0569128431379795,0.9578524231910706,0.2933539748191833,0.0428115725517272,0.1401170492172241,0.969528079032898
owl,0.9482247829437256,0.0685083493590354,0.9344387650489808,0.0802789628505706,0.0307321343570947,0.2141992449760437,0.9436639547348022,0.7564801573753357,0.0434814430773258,0.0433746501803398,0.0884769633412361,0.4413357973098755,0.0885068550705909,0.9829533100128174,0.0314009524881839,0.6873507499694824,0.0354347452521324,0.6734113097190857,0.1472506374120712,0.7557330131530762,0.2700864970684051,0.1913162469863891,0.1174449995160102,0.908197820186615,0.0950285643339157,0.4617194831371307,0.978727161884308,0.0390291325747966,0.0489394329488277,0.945132851600647,0.7659171223640442,0.1441099643707275,0.9667736291885376,0.9324038624763488,0.0180191081017255,0.0381182171404361,0.3176895678043365,0.5040472149848938,0.0830628350377082,0.3118412792682647,0.1006337031722068,0.1399922519922256,0.0782087817788124,0.1503682732582092,0.727483868598938,0.2231561094522476,0.9605914950370787,0.9877909421920776,0.3600327670574188,0.1613209098577499,0.1437806040048599,0.0357164368033409,0.8703396916389465,0.9602273106575012,0.44424968957901,0.9887779355049132,0.0184930078685283,0.079971432685852,0.032692302018404,0.1185164004564285,0.042511448264122,0.2858385741710663,0.045122142881155,0.9406445622444152
falcon,0.3679019808769226,0.2214224189519882,0.909403383731842,0.037521231919527,0.0164365321397781,0.0334777124226093,0.974614918231964,0.9744860529899596,0.0340277515351772,0.8911011815071106,0.0682895705103874,0.0541658885776996,0.1148570030927658,0.8856719136238098,0.1239549964666366,0.038485862314701,0.3206580579280853,0.3497406542301178,0.0579414814710617,0.8777772188186646,0.196178913116455,0.4154773950576782,0.9665793776512146,0.9799317717552184,0.5284246802330017,0.0522262305021286,0.961870014667511,0.0599916875362396,0.0407940819859504,0.8649051785469055,0.0376628823578357,0.5163064002990723,0.9620031714439392,0.1215333640575409,0.0192631781101226,0.7983027100563049,0.9809139370918274,0.109991081058979,0.9857300519943236,0.2935698330402374,0.3216646611690521,0.0531187206506729,0.1675977110862732,0.5161565542221069,0.2995869219303131,0.0382443778216838,0.9804435968399048,0.9791014194488524,0.2058002203702926,0.758866012096405,0.0739668011665344,0.0254085846245288,0.5866740345954895,0.0157566871494054,0.9701631665229796,0.9890878200531006,0.0757488086819648,0.2487794458866119,0.0930395424365997,0.0600318722426891,0.3578901588916778,0.2206129729747772,0.0175389815121889,0.9851422905921936
swan,0.147974357008934,0.9766281843185424,0.6642040610313416,0.1532287895679474,0.0495897009968757,0.0576138868927955,0.992156147956848,0.0775178670883178,0.0679937377572059,0.4725035727024078,0.0849376320838928,0.2791957855224609,0.3651581108570099,0.4902024567127228,0.9888898134231568,0.0269620381295681,0.0922786444425582,0.977914333343506,0.055460188537836,0.1303123235702514,0.2502671182155609,0.1238080561161041,0.2879694402217865,0.0921680256724357,0.0527713969349861,0.3301869034767151,0.95932537317276,0.2320285439491272,0.082234188914299,0.9695762395858764,0.0492114908993244,0.0429688058793544,0.0343329273164272,0.0300072841346263,0.0204603802412748,0.9896313548088074,0.0360541492700576,0.9755095839500428,0.1576987206935882,0.1448952853679657,0.0283145736902952,0.3916868567466736,0.0277344062924385,0.8072221279144287,0.9626290798187256,0.0820749774575233,0.955367922782898,0.0269442033022642,0.9300586581230164,0.9946733117103576,0.9769992232322692,0.232439711689949,0.020100001245737,0.5922959446907043,0.9814218282699584,0.5773839950561523,0.8012433052062988,0.8219099044799805,0.8917346000671387,0.0586870908737182,0.1219250038266182,0.0692525506019592,0.2015894502401352,0.975387454032898
swallow,0.0653285905718803,0.9728301167488098,0.9562415480613708,0.3236584365367889,0.1988133639097213,0.01675745844841,0.5143628716468811,0.2563913762569427,0.992140769958496,0.9509220123291016,0.0509113334119319,0.0354613214731216,0.2149742394685745,0.1190803125500679,0.969884991645813,0.0298004429787397,0.3275381028652191,0.9761739373207092,0.0640299841761589,0.0637996345758438,0.0296762343496084,0.0497340485453605,0.1207330301403999,0.7889277935028076,0.0242691710591316,0.0306390020996332,0.4482976198196411,0.0282692834734916,0.1435068696737289,0.8178492188453674,0.9407414197921752,0.1445293575525283,0.0782101079821586,0.0217235777527093,0.970199167728424,0.0848290547728538,0.035698153078556,0.9759259819984436,0.0169760044664144,0.1419758796691894,0.0978273898363113,0.0408163517713546,0.0294367987662553,0.9818819165229796,0.0836296081542968,0.0728859677910804,0.9878902435302734,0.9908367395401,0.1418745517730713,0.0902134403586387,0.9570141434669496,0.2250013202428817,0.0408101230859756,0.4102028906345367,0.1034086719155311,0.9925187826156616,0.0361049771308898,0.2352812886238098,0.1154570654034614,0.1851999759674072,0.6584982872009277,0.0502585247159004,0.0396797843277454,0.992760181427002
anchovy,0.0831078961491584,0.0734571740031242,0.0946498364210128,0.1045765802264213,0.0236089937388896,0.6932192444801331,0.9213351011276244,0.0768616124987602,0.7485985159873962,0.0734202116727829,0.1905277967453003,0.0577656775712966,0.0848850533366203,0.9796932935714722,0.9582496881484984,0.4607317149639129,0.037246149033308,0.9715216755867004,0.1785648316144943,0.491049587726593,0.0666119307279586,0.8853009343147278,0.0846797078847885,0.1691947132349014,0.1233709529042244,0.0472618862986564,0.9215148687362672,0.9691213965415956,0.9821457266807556,0.0561040043830871,0.9813793897628784,0.9788731336593628,0.2471559643745422,0.1726401299238205,0.3102376461029053,0.0757859870791435,0.0873433873057365,0.9836190342903136,0.9689427018165588,0.9756318926811218,0.9897391200065612,0.851155161857605,0.5377252697944641,0.2673788666725158,0.2267161905765533,0.8312411308288574,0.0521768629550933,0.0377705171704292,0.0641429722309112,0.0616387240588665,0.7723900675773621,0.2145543396472931,0.6803117394447327,0.9725125432014464,0.0364412739872932,0.4822777509689331,0.9643805027008056,0.9908636212348938,0.5893067121505737,0.3359346091747284,0.9695470333099364,0.9871893525123596,0.5038609504699707,0.6891513466835022
dolphin,0.1858150213956833,0.3253971338272095,0.9496824741363524,0.0191047806292772,0.2936575412750244,0.8656630516052246,0.1445850431919098,0.3681680262088775,0.1592520326375961,0.0331519804894924,0.974445641040802,0.991555154323578,0.1023840457201004,0.0570397526025772,0.9594309329986572,0.8058950304985046,0.0284435488283634,0.3375903964042663,0.361050933599472,0.037330787628889,0.0724700391292572,0.0671547651290893,0.0463267713785171,0.0355059243738651,0.92039155960083,0.8124809265136719,0.0466727688908577,0.965546727180481,0.9695600271224976,0.9685282111167908,0.0757085978984832,0.1114255785942077,0.0937365069985389,0.1084140837192535,0.1602408736944198,0.84418123960495,0.1991773247718811,0.1150738075375557,0.1987048089504242,0.9718367457389832,0.3278349041938782,0.9706756472587584,0.2931981682777405,0.9837995767593384,0.2179391831159591,0.644462525844574,0.9677186608314514,0.8438395261764526,0.1151838824152946,0.0808398202061653,0.1805511564016342,0.9729307293891908,0.0845511108636856,0.9098552465438844,0.1138734593987464,0.9828507900238036,0.2315166145563125,0.8185895681381226,0.967539131641388,0.9904689192771912,0.6197059154510498,0.5792204737663269,0.9909720420837402,0.0410689227283
trout,0.5412928462028503,0.9633171558380128,0.2650535106658935,0.0485855937004089,0.064536266028881,0.9718236923217772,0.3345793485641479,0.984531581401825,0.2801790237426758,0.0443396717309951,0.8307449221611023,0.0533287152647972,0.1977860182523727,0.9173250198364258,0.7506125569343567,0.609353244304657,0.0856699049472808,0.1197725385427475,0.0282094292342662,0.9700807332992554,0.9697508811950684,0.972054660320282,0.0348922125995159,0.1376886665821075,0.8991302251815796,0.9470661282539368,0.7248631715774536,0.9752404689788818,0.7726693153381348,0.2572819888591766,0.9546003937721252,0.9461861252784728,0.0457398332655429,0.9819482564926147,0.2374448180198669,0.1712560951709747,0.9436421394348145,0.5795700550079346,0.1179327443242073,0.0304595250636339,0.6791982650756836,0.0911125987768173,0.1355455666780471,0.1157383993268013,0.2287414520978927,0.9693021178245544,0.9195889234542848,0.5549383759498596,0.5739765167236328,0.640548825263977,0.5449963808059692,0.1280805915594101,0.9209086894989014,0.9768114686012268,0.0303381700068712,0.0614993385970592,0.150958850979805,0.9807283282279968,0.4191762208938598,0.0836082026362419,0.9783781170845032,0.2369347065687179,0.1152425706386566,0.8690910935401917
goldfish,0.9718230962753296,0.2396013140678405,0.4263069033622741,0.8609369397163391,0.9818425178527832,0.977214217185974,0.0916306376457214,0.0850035920739173,0.3208722174167633,0.0297101121395826,0.3453547060489654,0.5835148096084595,0.034050665795803,0.9660159349441528,0.9798663258552552,0.1225085854530334,0.0304600670933723,0.0806315615773201,0.0827170610427856,0.5553900003433228,0.2262323349714279,0.9431269764900208,0.0620793141424655,0.2099692672491073,0.0350338108837604,0.941283881664276,0.0642144456505775,0.9827216267585754,0.7459964156150818,0.0878897830843925,0.7263602614402771,0.9854529500007628,0.0414450317621231,0.0645766109228134,0.8681896328926086,0.90672105550766,0.0421145930886268,0.1749654710292816,0.2141689211130142,0.0378821045160293,0.32471564412117,0.2754052877426147,0.6825833320617676,0.3928368985652923,0.98768812417984,0.947431981563568,0.9758583307266236,0.3712627589702606,0.0920371636748313,0.8027378916740417,0.0486800819635391,0.0416584610939025,0.9856982827186584,0.9800924062728882,0.2526809871196747,0.0340065993368625,0.6675148010253906,0.9890148043632508,0.794739842414856,0.5951011776924133,0.9620328545570374,0.4698638021945953,0.991500973701477,0.0219187941402196
shark,0.0845690667629242,0.944433569908142,0.9794976711273192,0.190569669008255,0.128603920340538,0.9350186586380004,0.9522339701652528,0.0828236415982246,0.0516701564192771,0.0941442921757698,0.956528663635254,0.0599279552698135,0.979978621006012,0.064524658024311,0.8385423421859741,0.976975440979004,0.0149022806435823,0.1192581132054328,0.2036048024892807,0.0258687231689691,0.029298884794116,0.9872140884399414,0.0257859975099563,0.0688507631421089,0.081217736005783,0.7814375162124634,0.0820216014981269,0.937649667263031,0.9888516068458556,0.670606791973114,0.0702345371246337,0.2276621311903,0.5728351473808289,0.929675817489624,0.0352766774594783,0.158211350440979,0.2284291237592697,0.0357914641499519,0.0832900330424308,0.0341443344950675,0.976062834262848,0.9868082404136658,0.0275227781385183,0.9842860102653505,0.1041046753525734,0.6759569644927979,0.0540983453392982,0.98698490858078,0.1309745162725448,0.1887346059083938,0.959299862384796,0.9795778393745422,0.5809826254844666,0.9794524908065796,0.2862964868545532,0.3604812622070312,0.0310270972549915,0.9832744002342224,0.987316906452179,0.993474543094635,0.1725495755672454,0.9879498481750488,0.2847679555416107,0.3227987885475158
herring,0.1556218862533569,0.9308179020881652,0.035007543861866,0.1795777082443237,0.0654187947511673,0.982136070728302,0.4802157282829284,0.1952792406082153,0.918688178062439,0.4288709759712219,0.8820363283157349,0.1154986768960952,0.1159447729587555,0.9790105819702148,0.93319571018219,0.2689615488052368,0.0518606007099151,0.9824486374855042,0.8721135258674622,0.97919762134552,0.4506538510322571,0.4515186548233032,0.1402291357517242,0.0651413723826408,0.0857449695467948,0.311988890171051,0.960815131664276,0.9149930477142334,0.8679848909378052,0.0436465553939342,0.9487279653549194,0.9734967947006226,0.0504937283694744,0.0392087288200855,0.24299918115139,0.2705126702785492,0.3449582159519195,0.931140959262848,0.0894247442483902,0.9773309230804444,0.6970168948173523,0.8294002413749695,0.19251549243927,0.0374348647892475,0.0496710911393165,0.9716411232948304,0.9686418771743774,0.0407157279551029,0.2728649377822876,0.8419660329818726,0.953562319278717,0.1275052279233932,0.1295066922903061,0.897066056728363,0.0449712760746479,0.104902297258377,0.2119743973016739,0.7927243113517761,0.9773253202438354,0.147488534450531,0.949781060218811,0.958373725414276,0.0774083063006401,0.0665031969547271
squid,0.8374626636505127,0.0443304479122161,0.957075834274292,0.0699886307120323,0.0795300751924514,0.9818310141563416,0.0376901030540466,0.1162070930004119,0.9791045188903807,0.1047208532691001,0.8996469974517822,0.315396100282669,0.0855890363454818,0.9887737035751344,0.067919060587883,0.4472869038581848,0.0378937311470508,0.9348968863487244,0.1107838749885559,0.8915529847145081,0.2520137727260589,0.926282525062561,0.1174905896186828,0.0531110800802707,0.956155240535736,0.9883567690849304,0.9497365355491638,0.9344597458839417,0.1014189794659614,0.7924196124076843,0.7251806259155273,0.9587154984474182,0.1089695766568183,0.9817988276481628,0.0730646625161171,0.1036216393113136,0.0725734233856201,0.2451149523258209,0.0365881137549877,0.0657594725489616,0.3031825423240661,0.9625650644302368,0.9700353741645812,0.9035847783088684,0.4261678159236908,0.8963797688484192,0.0934493765234947,0.241058349609375,0.9747015237808228,0.2910146415233612,0.9765415191650392,0.953046977519989,0.5040339827537537,0.9816561341285706,0.503486156463623,0.1562200188636779,0.0989410132169723,0.046053372323513,0.1022847592830658,0.7917383313179016,0.4617488980293274,0.9567215442657472,0.9309203624725342,0.1128480285406112
cod,0.0530278719961643,0.9617902040481568,0.1091727614402771,0.0950328856706619,0.0600062310695648,0.925118088722229,0.9220426082611084,0.2860794961452484,0.5369856357574463,0.9186553955078124,0.9235296249389648,0.1138905808329582,0.5430511832237244,0.9838760495185852,0.0991532132029533,0.7832355499267578,0.5455678701400757,0.989534556865692,0.098388560116291,0.1696392297744751,0.977927565574646,0.2769026458263397,0.0419357642531394,0.0381278470158577,0.9469175338745116,0.1113614663481712,0.9767740964889526,0.9558476805686952,0.8337960839271545,0.1858222931623459,0.1484083980321884,0.9768709540367126,0.0490203835070133,0.5262413024902344,0.6089604496955872,0.6917548775672913,0.972342312335968,0.9603381752967834,0.6938683986663818,0.9673604369163512,0.5826477408409119,0.4199241995811462,0.4128108918666839,0.3538985252380371,0.2010770291090011,0.7531222105026245,0.6277167201042175,0.0558937229216098,0.079760730266571,0.9475911259651184,0.9692521691322328,0.7424837350845337,0.0495886169373989,0.9705462455749512,0.0305558312684297,0.0929769054055213,0.0444409884512424,0.9461769461631776,0.9217914342880248,0.4702385365962982,0.9706478714942932,0.9316847324371338,0.1909751892089843,0.770518958568573
carp,0.962560534477234,0.9392693638801576,0.2109805792570114,0.950416386127472,0.044656615704298,0.3087559044361114,0.9783399701118468,0.957153618335724,0.0753714591264724,0.2809096872806549,0.9639207720756532,0.0844423472881317,0.0520027875900268,0.9758313298225404,0.8879420757293701,0.978188931941986,0.9549167156219482,0.7570920586585999,0.3089645802974701,0.9234893918037416,0.9847002029418944,0.937791645526886,0.0927037373185157,0.0561254508793354,0.7933048605918884,0.8094962239265442,0.957014799118042,0.7357539534568787,0.7181466221809387,0.4264860153198242,0.0593952313065528,0.983628511428833,0.0606309287250041,0.9805819392204284,0.4519287645816803,0.0942267104983329,0.9678236842155457,0.0467335171997547,0.958076000213623,0.6876804232597351,0.1105026751756668,0.1322647929191589,0.8366768956184387,0.7888386249542236,0.5776360630989075,0.6102418899536133,0.9123130440711976,0.3443827331066131,0.7633830308914185,0.906760573387146,0.2960972189903259,0.5814445614814758,0.115882009267807,0.6220740079879761,0.81840580701828,0.0498997047543525,0.0608798265457153,0.9647586345672609,0.9364073872566224,0.0896523371338844,0.9710989594459534,0.0758395120501518,0.04380714148283,0.9721060395240784
orca,0.0338624455034732,0.2883918583393097,0.9881567358970642,0.9299368858337402,0.08307845890522,0.941113531589508,0.458134263753891,0.0234736576676368,0.2340131103992462,0.4281496107578277,0.9773988723754884,0.1882102340459823,0.9305464029312134,0.3170576989650726,0.9280303120613098,0.9610751271247864,0.0767989456653595,0.0609890520572662,0.2773032784461975,0.085341989994049,0.0918901935219764,0.0536162294447422,0.0321673862636089,0.0997475907206535,0.0224668532609939,0.9861066341400146,0.021709943190217,0.9775493144989014,0.9802844524383544,0.557755172252655,0.0446263253688812,0.6539109945297241,0.0508750900626182,0.0380476750433445,0.02401739731431,0.1195739731192588,0.0423459261655807,0.1536324769258499,0.7286731004714966,0.222830519080162,0.0463075041770935,0.974748194217682,0.1708341240882873,0.9891892671585084,0.990263819694519,0.2521537244319916,0.0267381556332111,0.9830395579338074,0.0429613254964351,0.9515543580055236,0.9211753010749816,0.716011643409729,0.515930712223053,0.3836961984634399,0.9345340728759766,0.5615537762641907,0.8488179445266724,0.865466296672821,0.9599077701568604,0.980745792388916,0.3032591640949249,0.4135810434818268,0.9856280088424684,0.2748246490955353
eel,0.1070170179009437,0.7553446292877197,0.0243801865726709,0.0743870064616203,0.1183577328920364,0.922958493232727,0.7433066964149475,0.0674171820282936,0.8701608180999756,0.0763948857784271,0.9757819175720216,0.2669185698032379,0.9807124137878418,0.0974164903163909,0.5407238006591797,0.1072870641946792,0.2212568819522857,0.2841930687427521,0.4117088317871094,0.9414894580841064,0.917772650718689,0.95315420627594,0.476081520318985,0.0401248559355735,0.9673041701316832,0.961461901664734,0.9273839592933656,0.7997853755950928,0.5673880577087402,0.9340917468070984,0.978124499320984,0.3600690066814422,0.0637807622551918,0.968111217021942,0.6529046297073364,0.1211192980408668,0.3103328943252563,0.5556015372276306,0.0658752396702766,0.5197810530662537,0.0758225545287132,0.8723157048225403,0.8444347381591797,0.2902523577213287,0.1985907852649688,0.2489959001541137,0.3187854588031769,0.085142120718956,0.0658067464828491,0.1797652393579483,0.0521435998380184,0.8462353348731995,0.0300044920295476,0.8794559836387634,0.0632385835051536,0.0422437898814678,0.0373583957552909,0.9684656262397766,0.9167965650558472,0.2643401622772217,0.973330020904541,0.8190822005271912,0.864025890827179,0.9396951794624328
piranha,0.9752692580223083,0.333001047372818,0.9578105211257936,0.915367066860199,0.0238950569182634,0.9542993307113647,0.6334632039070129,0.9820417165756226,0.4584240913391113,0.0488861389458179,0.1573495119810104,0.8026320934295654,0.0740229710936546,0.1579604148864746,0.9319009780883788,0.7342290878295898,0.0225259307771921,0.0492596589028835,0.7701898813247681,0.9755251407623292,0.0904409065842628,0.8136719465255737,0.0444987155497074,0.1702329516410827,0.3817088007926941,0.0446070879697799,0.2982088923454284,0.969521939754486,0.9262378215789796,0.1389150917530059,0.8220557570457458,0.9340214133262634,0.1957432478666305,0.9736464619636536,0.023135520517826,0.8369148969650269,0.916117250919342,0.0610204897820949,0.2442817240953445,0.0539453774690628,0.4587767422199249,0.7303653359413147,0.0959764719009399,0.0458561331033706,0.9710984826087952,0.813755214214325,0.2666308879852295,0.1145574524998664,0.4479503631591797,0.9780876636505128,0.0427129939198493,0.898577868938446,0.135377824306488,0.9668876528739928,0.9550256133079528,0.0299973208457231,0.1634798049926757,0.9849538803100586,0.8908361196517944,0.0862549021840095,0.9645445346832277,0.1514949202537536,0.0548987314105033,0.2071805596351623
plaice,0.0616019181907177,0.1544831544160843,0.0488792322576046,0.3419540822505951,0.0569505542516708,0.9808624982833862,0.792483389377594,0.9704906940460204,0.7694960236549377,0.0657799318432807,0.5134376883506775,0.0859287977218627,0.8386236429214478,0.9176533818244934,0.1544538289308548,0.909662663936615,0.8520653247833252,0.9579132199287416,0.2040210217237472,0.9823196530342102,0.9740089178085328,0.7057725191116333,0.0421675592660903,0.0545249171555042,0.3533100485801697,0.8718733191490173,0.8691219091415405,0.9750046133995056,0.0943622812628746,0.0446767173707485,0.9766146540641784,0.8777962327003479,0.0606512948870658,0.9338082671165466,0.3280145525932312,0.1260891556739807,0.9704360365867616,0.9743703603744508,0.1629042625427246,0.9841407537460328,0.939108908176422,0.2517688572406769,0.3099642097949981,0.0779542252421379,0.6228092908859253,0.9777376651763916,0.405192494392395,0.6806631088256836,0.2322299182415008,0.2661569118499756,0.9468838572502136,0.0700264126062393,0.6064046025276184,0.9716373682022096,0.0494947545230388,0.1187358647584915,0.1381186097860336,0.5978512167930603,0.9684366583824158,0.1110612973570823,0.9709386825561525,0.9589012265205384,0.470084011554718,0.7715499997138977
flatfish,0.0337389707565307,0.9699409604072572,0.5427812337875366,0.0537381693720817,0.0359688363969326,0.9871812462806702,0.1884475946426391,0.9661426544189452,0.9756037592887878,0.0700209289789199,0.9849646687507628,0.1228963211178779,0.8059183955192566,0.9772619009017944,0.0666869431734085,0.1187690421938896,0.9427163600921632,0.3865762054920196,0.9820292592048644,0.9492921233177184,0.9427760243415833,0.046175330877304,0.1107276752591133,0.048259187489748,0.2747925221920013,0.9872317910194396,0.6801981925964355,0.9676841497421264,0.7913964986801147,0.9081386923789978,0.9534032344818116,0.9791863560676576,0.0361291579902172,0.9658915996551514,0.248955637216568,0.1254842877388,0.9349311590194702,0.5882051587104797,0.7418029308319092,0.9601147770881652,0.2491974979639053,0.9539636969566344,0.9639065861701964,0.2076308727264404,0.9833970665931702,0.3811605870723724,0.0513483434915542,0.0638828873634338,0.0492018088698387,0.4531939029693603,0.0791884139180183,0.9219517707824708,0.9865076541900636,0.9838548302650452,0.2270583212375641,0.0798226669430732,0.3791155219078064,0.9319521188735962,0.9423627853393556,0.4038711786270141,0.9542994499206544,0.96815687417984,0.0652178078889846,0.2253900170326233
sperm_whale,0.0819617360830307,0.9209165573120116,0.90279883146286,0.0553978718817234,0.032822098582983,0.384269505739212,0.9781193733215332,0.8700194954872131,0.8897027969360352,0.1103985458612442,0.974817991256714,0.9878029227256776,0.1766841262578964,0.061941560357809,0.9485891461372375,0.0988077148795127,0.0574209988117218,0.1091872006654739,0.1869993805885315,0.8175923824310303,0.4541300237178802,0.0495827980339527,0.0557891465723514,0.0321130491793155,0.0810081735253334,0.1510873436927795,0.0334934219717979,0.9557846188545228,0.6775513291358948,0.9810441136360168,0.3693415820598602,0.0617356747388839,0.2968587875366211,0.5951085090637207,0.4859423041343689,0.0747247338294982,0.3665715157985687,0.9251853823661804,0.9822567105293274,0.9862494468688964,0.9827812314033508,0.974220335483551,0.1847658455371856,0.9695115089416504,0.8140795826911926,0.341555655002594,0.5922529697418213,0.9627622365951538,0.0358856767416,0.1092574745416641,0.0730983987450599,0.9852334856987,0.0661795809864997,0.9777766466140748,0.9685860276222228,0.5111762285232544,0.0472399778664112,0.918660044670105,0.2204772680997848,0.9903696179389954,0.8954088091850281,0.1302683651447296,0.9446921348571776,0.3588586747646332
ray,0.1378812342882156,0.865136444568634,0.5675853490829468,0.0183040369302034,0.1358473002910614,0.984547197818756,0.8386154174804688,0.8629933595657349,0.9586783647537231,0.0264837481081485,0.903452217578888,0.2715343832969665,0.9783995747566224,0.9675389528274536,0.2081630975008011,0.1124208942055702,0.1371069848537445,0.0779137387871742,0.9295533299446106,0.9541282653808594,0.3059327006340027,0.1524415910243988,0.043082445859909,0.2182399183511734,0.9268108010292052,0.9906544089317322,0.8150376677513123,0.9650626182556152,0.0383295640349388,0.9250458478927612,0.951580047607422,0.0662608742713928,0.0571256428956985,0.9651673436164856,0.0803989544510841,0.1470072567462921,0.8195779323577881,0.0695330426096916,0.7043945789337158,0.0370591841638088,0.0968097448348999,0.963276743888855,0.8135523200035095,0.1772654801607132,0.6398034691810608,0.989401400089264,0.0381528660655021,0.7395427823066711,0.0253914352506399,0.9549684524536132,0.5290895700454712,0.5291749238967896,0.8941237926483154,0.9689784049987792,0.0911972522735595,0.1336200386285781,0.4792899787425995,0.1083455234766006,0.9763532280921936,0.126737043261528,0.9584643244743348,0.2446914464235305,0.0856705009937286,0.9757115840911864
sardine,0.0624162480235099,0.0926182270050048,0.0372781939804554,0.0582851208746433,0.0782256126403808,0.9629514217376708,0.921652376651764,0.1989839226007461,0.2210831195116043,0.0897351428866386,0.9424859285354614,0.1030729115009307,0.1160426214337349,0.9427483677864076,0.9235906600952148,0.1423499584197998,0.1551225930452346,0.98904150724411,0.0667160674929618,0.943461000919342,0.2323773801326751,0.0475194230675697,0.069953441619873,0.0589596219360828,0.0572259686887264,0.0598421245813369,0.984513223171234,0.9449830651283264,0.951641857624054,0.0590812936425209,0.9895012974739076,0.9454610347747804,0.1647240370512008,0.0420052371919155,0.9664244651794434,0.098376341164112,0.9364905953407288,0.9887688159942628,0.3101163208484649,0.9810228943824768,0.4240170419216156,0.9305500388145448,0.5572388768196106,0.0873281061649322,0.046827096492052,0.6460084319114685,0.0506008751690387,0.1030277535319328,0.0722319111227989,0.8891562819480896,0.8012329936027527,0.0744730606675148,0.0435455553233623,0.9700095057487488,0.037531953305006,0.1275840550661087,0.9256157279014589,0.9756914973258972,0.9117727279663086,0.0425650440156459,0.851823091506958,0.9780511856079102,0.1002630069851875,0.9586545825004578
pike,0.971035897731781,0.109138436615467,0.8540670275688171,0.9621789455413818,0.1649248898029327,0.9585927724838256,0.6338434815406799,0.9473905563354492,0.124061606824398,0.8905327916145325,0.961777925491333,0.1433786898851394,0.1012676283717155,0.9771265387535096,0.1692033857107162,0.9576181769371032,0.3696392476558685,0.0803911834955215,0.0380259864032268,0.9690360426902772,0.9760269522666932,0.9134145379066468,0.106441430747509,0.0371622145175933,0.9489302635192872,0.942951202392578,0.2207855135202407,0.3092734813690185,0.9423972964286804,0.3121973574161529,0.4054450690746307,0.982116401195526,0.0752451568841934,0.9771540760993958,0.3853198885917663,0.2549570798873901,0.9571094512939452,0.0573393478989601,0.0702132433652877,0.9525649547576904,0.0492427125573158,0.9134967923164368,0.186414286494255,0.2029132694005966,0.6001845002174377,0.2936331331729889,0.1389471441507339,0.932973086833954,0.7914799451828003,0.6802064776420593,0.3692087829113006,0.9419427514076232,0.0984629243612289,0.775137186050415,0.4374685883522033,0.0700325295329094,0.1171894744038581,0.9570392370224,0.7514709830284119,0.0985592678189277,0.9780575633049012,0.4445864260196686,0.0467942915856838,0.8765944838523865
stickleback,0.7678199410438538,0.8889297842979431,0.1343562602996826,0.3820126354694366,0.1103134378790855,0.9840187430381776,0.8871773481369019,0.977960169315338,0.166024848818779,0.0483997091650962,0.1717965751886367,0.0736768767237663,0.3490977585315704,0.9606648683547974,0.772999107837677,0.8738567233085632,0.5408623218536377,0.7180716395378113,0.8372694253921509,0.9771247506141664,0.9864755272865297,0.3814128339290619,0.0522804483771324,0.1751681119203567,0.9485748410224916,0.97978276014328,0.9504637718200684,0.9639236330986024,0.8813233971595764,0.062038853764534,0.9798939824104308,0.9145525693893432,0.0426779612898826,0.9000083804130554,0.9512611627578736,0.971448540687561,0.1618953198194503,0.1330875158309936,0.2246743738651275,0.5398082137107849,0.3615449965000152,0.2771674692630768,0.1174219250679016,0.0697144791483879,0.1801396310329437,0.9838908314704896,0.1514357179403305,0.2437782287597656,0.7600869536399841,0.8511340022087097,0.3594454228878021,0.1953941732645034,0.1050105765461921,0.9760762453079224,0.111777663230896,0.1427279114723205,0.1365585178136825,0.552807092666626,0.9791122674942015,0.103372037410736,0.9740200042724608,0.131333127617836,0.2262983471155166,0.6423419117927551
sole,0.0616019181907177,0.1544831544160843,0.0488792322576046,0.3419540822505951,0.0569505542516708,0.9808624982833862,0.792483389377594,0.9704906940460204,0.7694960236549377,0.0657799318432807,0.5134376883506775,0.0859287977218627,0.8386236429214478,0.9176533818244934,0.1544538289308548,0.909662663936615,0.8520653247833252,0.9579132199287416,0.2040210217237472,0.9823196530342102,0.9740089178085328,0.7057725191116333,0.0421675592660903,0.0545249171555042,0.3533100485801697,0.8718733191490173,0.8691219091415405,0.9750046133995056,0.0943622812628746,0.0446767173707485,0.9766146540641784,0.8777962327003479,0.0606512948870658,0.9338082671165466,0.3280145525932312,0.1260891556739807,0.9704360365867616,0.9743703603744508,0.1629042625427246,0.9841407537460328,0.939108908176422,0.2517688572406769,0.3099642097949981,0.0779542252421379,0.6228092908859253,0.9777376651763916,0.405192494392395,0.6806631088256836,0.2322299182415008,0.2661569118499756,0.9468838572502136,0.0700264126062393,0.6064046025276184,0.9716373682022096,0.0494947545230388,0.1187358647584915,0.1381186097860336,0.5978512167930603,0.9684366583824158,0.1110612973570823,0.9709386825561525,0.9589012265205384,0.470084011554718,0.7715499997138977
whale,0.922067940235138,0.6280960440635681,0.8693513870239258,0.0934421196579933,0.0656688883900642,0.09549380838871,0.9595158100128174,0.0770404413342475,0.8821051120758057,0.1448454707860946,0.9605265855789183,0.978825032711029,0.4596746861934662,0.0993383526802063,0.931897759437561,0.0737379640340805,0.0293276607990264,0.2342373728752136,0.886579692363739,0.0992980226874351,0.2250894159078598,0.1112804859876632,0.0722968727350235,0.0336465612053871,0.1991536766290664,0.1695637851953506,0.0306887533515691,0.9473636746406556,0.8699427247047424,0.9742470383644104,0.4577016830444336,0.0607323721051216,0.2129616141319275,0.7434385418891907,0.6494680047035217,0.1196237802505493,0.1114519238471984,0.9365808367729188,0.9856245517730712,0.9786720275878906,0.9859535098075868,0.979558289051056,0.1124497205018997,0.964196503162384,0.0810388699173927,0.1722039580345153,0.4229607582092285,0.9153750538825988,0.03273756057024,0.0808906108140945,0.3544268906116485,0.9831420183181764,0.0508685298264026,0.9875588417053224,0.8567872047424316,0.2066287398338318,0.0784204229712486,0.9715182185173036,0.0643015503883361,0.9871583580970764,0.9202703833580016,0.8928114175796509,0.2572059333324432,0.6954906582832336
salmon,0.7967347502708435,0.979237973690033,0.2910709381103515,0.0527671687304973,0.1834778636693954,0.8356986045837402,0.9716442227363586,0.0369931869208812,0.4318666160106659,0.0229386501014232,0.9731264710426332,0.0860372558236122,0.4072649180889129,0.6255126595497131,0.950333058834076,0.9799609780311584,0.060942780226469,0.809781014919281,0.1256127953529358,0.9428218007087708,0.3747194111347198,0.978792369365692,0.0471658334136009,0.1598889827728271,0.0560799576342105,0.8970118165016174,0.7024508714675903,0.9656414985656738,0.976493775844574,0.9552059173583984,0.0902258157730102,0.9866319298744202,0.2668432593345642,0.4255498051643371,0.931125283241272,0.8709321618080139,0.8942179679870605,0.0365491732954978,0.247871533036232,0.1095824986696243,0.1121204122900962,0.963064968585968,0.0628359317779541,0.0318795256316661,0.0375841110944747,0.9654034972190856,0.0501141436398029,0.0248475987464189,0.0517218858003616,0.054825983941555,0.941268265247345,0.2423285543918609,0.1457944065332412,0.9603875875473022,0.040553081780672,0.1421812623739242,0.056126557290554,0.9850583076477052,0.9024879932403564,0.5384176969528198,0.971552073955536,0.0844474658370018,0.1951179504394531,0.2381133139133453
swordfish,0.0413789935410022,0.1345589905977249,0.9564204812049866,0.5023888945579529,0.1255031824111938,0.9660525321960448,0.1418845951557159,0.0493262447416782,0.235451802611351,0.0609870254993438,0.9760798811912536,0.1439830958843231,0.2369058579206466,0.8038837909698486,0.2249966114759445,0.9786882400512696,0.1008612141013145,0.1072821542620658,0.6721571087837219,0.9804450869560242,0.6297414898872375,0.0940825417637825,0.037570271641016,0.1248827502131462,0.619710385799408,0.9662806391716005,0.0979579910635948,0.9021076560020448,0.9464699029922484,0.96922105550766,0.0476068928837776,0.9744128584861756,0.9567543864250184,0.974022626876831,0.7639297842979431,0.337160050868988,0.7576711177825928,0.0372828245162963,0.3868665993213653,0.9873064756393432,0.462074726819992,0.968380868434906,0.0907648429274559,0.1756430566310882,0.1409684717655182,0.186273768544197,0.0965133160352706,0.9685802459716796,0.9597705602645874,0.0540722794830799,0.8117099404335022,0.976184606552124,0.1111716404557228,0.8822524547576904,0.1184072196483612,0.9477382898330688,0.0853989198803901,0.9705125689506532,0.8708666563034058,0.9594584107398988,0.96844881772995,0.9452711939811708,0.6318414807319641,0.9729243516921996
bee,0.9929827451705932,0.3259930312633514,0.016180220991373,0.0353063158690929,0.0464802086353302,0.0419980436563491,0.3581959903240204,0.9891513586044312,0.0302065704017877,0.0189317371696233,0.0226004999130964,0.9807384610176086,0.0349982194602489,0.3215805292129516,0.0933175012469291,0.110369324684143,0.0489540286362171,0.9657184481620787,0.016138270497322,0.2523872852325439,0.0672290474176406,0.9103119373321532,0.9704373478889464,0.029192304238677,0.9926304817199708,0.1357688307762146,0.656152069568634,0.2360705435276031,0.0277798883616924,0.967129111289978,0.9629481434822084,0.1651239246129989,0.771681010723114,0.1262600272893905,0.9810329675674438,0.4311821460723877,0.9897868633270264,0.03601835668087,0.9954822063446044,0.1619850546121597,0.0401976183056831,0.0217216182500123,0.0199653822928667,0.0183676946908235,0.5448419451713562,0.164731279015541,0.2791048884391784,0.0496144257485866,0.1249541193246841,0.0261685531586408,0.0771086364984512,0.023700701072812,0.0575337260961532,0.0255880132317543,0.116371177136898,0.2158306241035461,0.0769192203879356,0.0240640044212341,0.1531139016151428,0.1018259823322296,0.0443197339773178,0.0731280520558357,0.8161585927009583,0.0260920133441686
leech,0.9554010033607484,0.8114286065101624,0.0151488306000828,0.2471940219402313,0.1011175066232681,0.0461113378405571,0.5127652287483215,0.9796050786972046,0.6483683586120605,0.9840651154518129,0.0514828339219093,0.963109850883484,0.0901244655251503,0.0233446583151817,0.978434920310974,0.8714401125907898,0.961653769016266,0.1002622991800308,0.1062953099608421,0.9829760789871216,0.037986297160387,0.3483918309211731,0.0732612684369087,0.0258656349033117,0.980665385723114,0.6719567775726318,0.0655843839049339,0.0249077659100294,0.0239997245371341,0.0562595091760158,0.8697571754455566,0.0731844455003738,0.5582841038703918,0.5237684845924377,0.9324939250946044,0.0548143535852432,0.1204101592302322,0.9153777956962584,0.0985572934150695,0.3490234911441803,0.1566577851772308,0.1724410653114318,0.0329594649374485,0.1309669762849807,0.2370175570249557,0.1431046575307846,0.0731523260474205,0.0373857282102108,0.0641133412718772,0.976252555847168,0.1641770899295807,0.6901318430900574,0.0301512274891138,0.0286869518458843,0.3666161000728607,0.2260656207799911,0.0285602528601884,0.0522786192595958,0.0363277979195117,0.0997682809829711,0.7182369232177734,0.0807653442025184,0.4997450113296509,0.1725910753011703
horsefly,0.886108934879303,0.8163841366767883,0.0266539864242076,0.0651019141077995,0.0743359848856926,0.3605417609214782,0.5722734332084656,0.94864821434021,0.0396710522472858,0.0687232092022895,0.1139780431985855,0.9775213003158568,0.0232734959572553,0.1051419898867607,0.9398353099822998,0.083025075495243,0.0233640559017658,0.6478767991065979,0.8793694972991943,0.7469549179077148,0.978768527507782,0.1134301424026489,0.0804090201854705,0.0533939749002456,0.9750937819480896,0.0207745730876922,0.941135585308075,0.0521266013383865,0.0697578787803649,0.1813195198774337,0.4286139607429504,0.0400749556720256,0.9789915084838868,0.9124382734298706,0.8947117328643799,0.0451747179031372,0.1424218416213989,0.944135308265686,0.9489127397537231,0.0398579128086566,0.8217685222625732,0.2710516154766083,0.9314767718315125,0.5782936811447144,0.0329245179891586,0.0715327784419059,0.0491098538041114,0.1639747321605682,0.2966229021549225,0.1004338040947914,0.033022690564394,0.0750324577093124,0.0224258583039045,0.0425908342003822,0.0182671472430229,0.0906929746270179,0.0932990461587905,0.0941110104322433,0.0406676456332206,0.0272143874317407,0.0308848787099123,0.6955410242080688,0.9676306843757628,0.0305017717182636
centipede,0.9447739124298096,0.9498983025550842,0.366588145494461,0.0317452475428581,0.0587725117802619,0.0245306864380836,0.5964995622634888,0.97555273771286,0.1907934099435806,0.9774723649024964,0.201386958360672,0.9851897358894348,0.061960756778717,0.0285262167453765,0.0740286111831665,0.1232084408402443,0.0137121845036745,0.0335740149021148,0.0986674949526786,0.0603473223745822,0.5636727809906006,0.0101413242518901,0.3484743237495422,0.037390112876892,0.9714695811271667,0.0613447278738021,0.968887448310852,0.0412431024014949,0.0674475878477096,0.970496654510498,0.9517642259597778,0.2524661421775818,0.0890654549002647,0.0179109200835227,0.937262773513794,0.0979898571968078,0.0438340567052364,0.0952783972024917,0.0267000496387481,0.0446433760225772,0.3741472065448761,0.28155118227005,0.335864394903183,0.195821925997734,0.2238498330116272,0.0235390812158584,0.1212012097239494,0.0239636525511741,0.0557614490389823,0.0677052736282348,0.0295428708195686,0.1129239946603775,0.0914366692304611,0.1987794041633606,0.1045775860548019,0.0339083187282085,0.2370979189872741,0.8985326886177063,0.0670766234397888,0.0610254146158695,0.1861399561166763,0.0343443416059017,0.988507866859436,0.0305179208517074
fruit_fly,0.9753774404525756,0.1098518818616867,0.0203696191310882,0.0426216274499893,0.5443601012229919,0.1067643761634826,0.1344765424728393,0.1611673235893249,0.968437671661377,0.9869844913482666,0.087153673171997,0.9672124981880188,0.0210014339536428,0.1073037907481193,0.0228038690984249,0.2219847440719604,0.8773572444915771,0.564244270324707,0.9803204536437988,0.0938928946852684,0.9864405989646912,0.0241247341036796,0.0378976687788963,0.0322823785245418,0.9849174618721008,0.0378537848591804,0.7980828881263733,0.0560557693243026,0.0389758236706256,0.5813843607902527,0.7605023384094238,0.3309507369995117,0.9694182872772216,0.2376772612333297,0.7268177270889282,0.2038131803274154,0.02852045558393,0.9506935477256776,0.6784012913703918,0.0327996611595153,0.061641402542591,0.1221300363540649,0.9772318601608276,0.9715030193328856,0.2650648057460785,0.1428980678319931,0.0876198410987854,0.1741247326135635,0.2513173818588257,0.9370191693305968,0.0188717357814311,0.1240162178874015,0.1744627058506012,0.8464124798774719,0.0895335301756858,0.0943131893873214,0.1357359141111374,0.3798621296882629,0.0224379505962133,0.3646277189254761,0.0729612037539482,0.0362792611122131,0.8418585658073425,0.030729342252016
bumblebee,0.9158290028572084,0.239296481013298,0.0165892485529184,0.0126923890784382,0.9390775561332704,0.0113568948581814,0.2426341027021408,0.98064923286438,0.3310299217700958,0.4098590910434723,0.2184038311243057,0.9818724989891052,0.3933272361755371,0.0108468877151608,0.1112405732274055,0.0400563776493072,0.1826693415641784,0.5813701748847961,0.2425286471843719,0.4414441287517547,0.0278811082243919,0.01431480422616,0.1910014897584915,0.0131321800872683,0.987140655517578,0.6954528093338013,0.9371629357337952,0.0176069624722003,0.020500348880887,0.1084494218230247,0.9622848033905028,0.0240738540887832,0.9920195937156676,0.0316926687955856,0.9838674068450928,0.6205615997314453,0.0281104072928428,0.0783889070153236,0.64292311668396,0.0992679819464683,0.323403000831604,0.0411203354597091,0.1712104380130767,0.2462421655654907,0.032585646957159,0.0893904566764831,0.2197316288948059,0.0218044556677341,0.0521767325699329,0.0546784847974777,0.0411546044051647,0.0580940879881382,0.0242332704365253,0.0476055331528186,0.9539442658424376,0.9752317667007446,0.0391955636441707,0.0815666988492012,0.0275267753750085,0.0439637042582035,0.0333698317408561,0.011287972331047,0.3892244100570678,0.0255299694836139
cockroach,0.2782270312309265,0.0203143898397684,0.092768408358097,0.6729721426963806,0.0463375747203826,0.0346161611378192,0.3202264606952667,0.9434248208999634,0.0171313434839248,0.9824098348617554,0.1857733130455017,0.9056562185287476,0.9298269748687744,0.0309323072433471,0.0358550138771534,0.2168095558881759,0.970002830028534,0.2301010489463806,0.974660098552704,0.0907295495271682,0.2610592246055603,0.1612494736909866,0.0366785824298858,0.0253190100193023,0.946660339832306,0.0642053037881851,0.9783504009246826,0.0387917086482048,0.0219462215900421,0.5433542728424072,0.9709709286689758,0.034074630588293,0.9460181593894958,0.988528311252594,0.9847370982170104,0.6265417337417603,0.0329498946666717,0.9725375175476074,0.1300634890794754,0.0949252620339393,0.0178164690732955,0.0200313907116651,0.9672215580940248,0.6506075859069824,0.0370601341128349,0.0428442284464836,0.0306751709431409,0.0917154029011726,0.027734100818634,0.9886166453361512,0.0752866864204406,0.225544735789299,0.0178545750677585,0.2116301208734512,0.0484723225235939,0.0551546886563301,0.9535342454910278,0.0221996307373046,0.6238999962806702,0.0361836366355419,0.053345363587141,0.9483031630516052,0.6319393515586853,0.4347665309906006
beetle,0.959514021873474,0.155934453010559,0.0377828516066074,0.1051775738596916,0.9411871433258056,0.0211643632501363,0.0906649008393287,0.9574508666992188,0.0386822968721389,0.9805846214294434,0.1038070619106292,0.9801283478736876,0.033644825220108,0.0195658951997756,0.5188446640968323,0.1058165654540062,0.0292728375643491,0.0771298930048942,0.0607241578400135,0.8064756393432617,0.0388889759778976,0.0747438669204711,0.4961058497428894,0.0438321158289909,0.9554045796394348,0.0366490893065929,0.6883405447006226,0.0301125720143318,0.2108311355113983,0.8891926407814026,0.977465271949768,0.0247950125485658,0.0787707641720771,0.2467485815286636,0.9507761001586914,0.688671350479126,0.0340455770492553,0.9828550815582277,0.0274559669196605,0.3438783288002014,0.0545754320919513,0.0795650258660316,0.0961403772234916,0.1816980987787246,0.0805724933743476,0.0232264623045921,0.0387249253690242,0.976065754890442,0.0291173085570335,0.4058771729469299,0.0167003497481346,0.0672787800431251,0.0460747443139553,0.1029087752103805,0.1991351991891861,0.0462073646485805,0.4983924031257629,0.1878716796636581,0.9679777026176452,0.7785696387290955,0.0369581021368503,0.215079590678215,0.5046037435531616,0.1315047442913055
cricket,0.4793980717658996,0.3858646154403686,0.0360426008701324,0.0254883859306573,0.5407679080963135,0.0236364845186471,0.2406796514987945,0.9841126799583436,0.0137469749897718,0.7946380972862244,0.0260072574019432,0.9587817788124084,0.1381576359272003,0.0307039711624383,0.0285438615828752,0.0554868467152118,0.8351902365684509,0.2080097943544387,0.035879012197256,0.0332147106528282,0.0312490426003932,0.2878631055355072,0.0321578234434127,0.0464948527514934,0.8362174034118652,0.0623298324644565,0.065341405570507,0.9073383808135986,0.0346479676663875,0.1815233528614044,0.9722657799720764,0.0489589795470237,0.1107291579246521,0.8939664959907532,0.9746846556663512,0.9885812401771544,0.0892839953303337,0.9854753017425536,0.3241700232028961,0.5687903165817261,0.0527542158961296,0.1119899600744247,0.8377023339271545,0.9898824095726012,0.0843372270464897,0.3974807262420654,0.1186700314283371,0.3816508650779724,0.037039116024971,0.4349876344203949,0.0167089961469173,0.0228964164853096,0.9815982580184937,0.0183403994888067,0.1454921811819076,0.1682419925928115,0.9918339252471924,0.9229000806808472,0.0789194256067276,0.0222061574459075,0.1153201311826706,0.3321357369422912,0.7614772319793701,0.0582263395190238
dragonfly,0.9700555801391602,0.9829828143119812,0.144568458199501,0.0467002242803573,0.0334486737847328,0.1805722415447235,0.1038490086793899,0.953175723552704,0.3124179542064667,0.0401351414620876,0.4082117974758148,0.9682372212409972,0.0808303281664848,0.0382858254015445,0.3544065058231354,0.1134450957179069,0.0413854829967021,0.0416927598416805,0.208177849650383,0.1064925715327262,0.0166795328259468,0.9911642670631408,0.0583143904805183,0.126546174287796,0.90495628118515,0.0235884319990873,0.0663159489631652,0.0243191681802272,0.4598233997821808,0.0544165596365928,0.9356479644775392,0.041730098426342,0.1208666786551475,0.9898070693016052,0.9595215916633606,0.7174556255340576,0.9609190225601196,0.9832468628883362,0.0082204397767782,0.0319080166518688,0.1862800568342209,0.0356798395514488,0.4625867903232574,0.0638269931077957,0.6744396090507507,0.5239875316619873,0.0926836505532264,0.0534538142383098,0.1194428354501724,0.9755030274391174,0.0217855870723724,0.0821589976549148,0.0344573482871055,0.0721224620938301,0.4995943009853363,0.0290834922343492,0.3449235260486603,0.1241447255015373,0.8818240761756897,0.0203908290714025,0.0203798953443765,0.3748897612094879,0.9640266299247742,0.1387984007596969
ladybug,0.0330932550132274,0.7055233120918274,0.0302779600024223,0.0458149388432502,0.9899245500564576,0.384901762008667,0.0373000055551528,0.96757709980011,0.2352176904678344,0.2960374057292938,0.1779737323522567,0.9914079308509828,0.0205924250185489,0.2491481751203537,0.0397231243550777,0.1492596566677093,0.8499338030815125,0.196461796760559,0.4986442923545837,0.0856269598007202,0.0550615526735782,0.0161355901509523,0.4747249484062195,0.9081530570983888,0.9555330872535706,0.0356599353253841,0.9635633230209352,0.2611542046070099,0.0519655644893646,0.081169843673706,0.9809655547142028,0.1013361290097236,0.0689423233270645,0.0259862225502729,0.9898802042007446,0.989456593990326,0.0208157617598772,0.9112579822540284,0.0383640304207801,0.0282731056213378,0.1420480757951736,0.1010345667600631,0.0251421406865119,0.0126128103584051,0.9635107517242432,0.0470581352710723,0.0619618110358715,0.0462447479367256,0.0369465611875057,0.0610473714768886,0.0283157937228679,0.0558252409100532,0.9186958074569702,0.0379495881497859,0.0392650254070758,0.7524158954620361,0.9915711879730223,0.1095873266458511,0.1514418721199035,0.4231682419776916,0.0427343882620334,0.039880484342575,0.982317328453064,0.0187269765883684
louse,0.0531410053372383,0.0704046413302421,0.0187208782881498,0.9737194776535034,0.102784126996994,0.0229542907327413,0.239190012216568,0.979219913482666,0.954889178276062,0.0159729290753602,0.0157013144344091,0.9712451100349426,0.6086416244506836,0.0169222168624401,0.0101251723244786,0.7721655964851379,0.1234232485294342,0.0635869950056076,0.2635156512260437,0.9090941548347472,0.0266298949718475,0.0377599187195301,0.0219434592872858,0.0370029993355274,0.9839320182800292,0.0411704294383525,0.948830246925354,0.1600078344345092,0.0093602929264307,0.1287223845720291,0.531557559967041,0.904086410999298,0.3213049471378326,0.7543196082115173,0.752666711807251,0.0699746459722518,0.1468459069728851,0.9821764230728148,0.0778049454092979,0.0150644835084676,0.0632491484284401,0.9579413533210754,0.0445636697113513,0.02567033842206,0.0751686617732048,0.0202949941158294,0.0607677958905696,0.0417371243238449,0.186788409948349,0.9021304845809937,0.0259856693446636,0.0139093436300754,0.0820846334099769,0.992485761642456,0.0275315679609775,0.5727710127830505,0.0265288483351469,0.9670957922935486,0.0205273628234863,0.090507373213768,0.580392062664032,0.9531646966934204,0.4537182450294494,0.0222520790994167
maybug,0.0377296358346939,0.0183513108640909,0.0198175888508558,0.0394360423088073,0.2040455937385559,0.2126667648553848,0.0192078575491905,0.9611644744873048,0.1494534164667129,0.0238014478236436,0.8754611015319824,0.9911126494407654,0.0282914601266384,0.075242206454277,0.0199608653783798,0.2531152963638305,0.8514060378074646,0.7200590968132019,0.9849425554275512,0.1644778996706009,0.0708901137113571,0.0914221033453941,0.109959453344345,0.1315002590417862,0.9924862384796144,0.9437866806983948,0.9774003624916076,0.0277388989925384,0.0426101274788379,0.0219637881964445,0.9765418767929076,0.1624096184968948,0.0478416942059993,0.0661862269043922,0.7624524235725403,0.7795858979225159,0.918116569519043,0.8826091885566711,0.0452743172645568,0.0459989234805107,0.0182156581431627,0.0743250101804733,0.4752549827098846,0.9811075925827026,0.9781007766723632,0.1579757034778595,0.1779554188251495,0.5167339444160461,0.041018858551979,0.9836057424545288,0.0313263982534408,0.0740203857421875,0.0435326248407363,0.0287654176354408,0.4275507926940918,0.9259520769119264,0.8039281368255615,0.5701487064361572,0.0404924862086772,0.960465967655182,0.0241969786584377,0.0504583232104778,0.9708458185195924,0.0402097962796688
ant,0.9100263118743896,0.0412851199507713,0.0146328061819076,0.6155696511268616,0.4308961033821106,0.3238624632358551,0.4070598483085632,0.9819980263710022,0.0621895119547843,0.1010104268789291,0.095899686217308,0.9653500318527222,0.2147284150123596,0.0568194724619388,0.0144092831760644,0.0991020798683166,0.0371354818344116,0.0994006097316742,0.9855886101722716,0.9752004742622375,0.5350505709648132,0.0250047259032726,0.0477280728518962,0.0488304197788238,0.982903778553009,0.0474245585501194,0.9808775186538696,0.5129733085632324,0.0581576861441135,0.0549347400665283,0.9811623096466064,0.2061449885368347,0.5350390076637268,0.2835071384906769,0.9774471521377563,0.0253317989408969,0.0385831445455551,0.927766740322113,0.4149688184261322,0.0590089485049247,0.0456373915076255,0.5607226490974426,0.0252964105457067,0.0205276627093553,0.1421933323144912,0.0588656663894653,0.1973712146282196,0.1494561582803726,0.0502068027853965,0.9212757349014282,0.0769538804888725,0.0256048310548067,0.6631258130073547,0.020884508267045,0.0411627702414989,0.0479649193584919,0.0177436359226703,0.7075443267822266,0.0344832651317119,0.5176268815994263,0.0285704098641872,0.0198350064456462,0.3539948761463165,0.6887487769126892
moth,0.2567998766899109,0.0513453818857669,0.0509865432977676,0.9265127778053284,0.9759213328361512,0.7955855131149292,0.3228038549423218,0.9767438173294068,0.019310213625431,0.9245690703392028,0.032075073570013,0.965000331401825,0.2173743396997451,0.0370884090662002,0.8356729745864868,0.0563386268913745,0.7620060443878174,0.9760075211524964,0.9791019558906556,0.1140137687325477,0.1132194325327873,0.1179587319493293,0.1392821818590164,0.0377219319343566,0.9675421714782716,0.3512499034404754,0.949310541152954,0.027274427935481,0.0425768010318279,0.0589367225766181,0.8321142792701721,0.253668874502182,0.9060813188552856,0.048660721629858,0.8568581342697144,0.0459781400859355,0.7836530804634094,0.984522819519043,0.0499112717807292,0.0852121636271476,0.9609036445617676,0.0863010808825492,0.0275495741516351,0.9877589344978333,0.1321964859962463,0.0269046630710363,0.0396032705903053,0.0934155061841011,0.0717412531375885,0.975449800491333,0.0367313511669635,0.237737238407135,0.0807000324130058,0.4832607805728912,0.946247398853302,0.0332717485725879,0.0152742192149162,0.1511508077383041,0.4084456264972687,0.0259797889739274,0.1502387374639511,0.0932472869753837,0.9517115950584412,0.1702467203140258
mosquito,0.4712165296077728,0.0298841297626495,0.0291093420237302,0.0287836547940969,0.0992336273193359,0.0796554684638977,0.9633327126502992,0.9836486577987672,0.6399176716804504,0.4934704601764679,0.0626178979873657,0.9870495200157166,0.0686446949839592,0.1057504713535308,0.0349266715347766,0.0615295767784118,0.0381116718053817,0.7388416528701782,0.0449404045939445,0.2308640778064727,0.0134510798379778,0.1036170125007629,0.154868945479393,0.365779310464859,0.98795485496521,0.0608556233346462,0.5598439574241638,0.0806756466627121,0.0564695261418819,0.0184461660683155,0.024541288614273,0.047190461307764,0.9890646934509276,0.9094772338867188,0.9758507013320924,0.0587451681494712,0.1427731364965438,0.9323466420173644,0.1348869055509567,0.05690748244524,0.2063850462436676,0.0259025357663631,0.6430994868278503,0.0443548299372196,0.4176172018051147,0.4339276552200317,0.0394074991345405,0.0200407449156045,0.3485364317893982,0.9901475310325624,0.1150490120053291,0.4468623995780945,0.022693395614624,0.023011514917016,0.0477337799966335,0.0483860187232494,0.0220335125923156,0.0587386079132556,0.0266072563827037,0.0281183049082756,0.0792010575532913,0.0231584515422582,0.97484028339386,0.9763585329055786
earwig,0.0771515220403671,0.3027911186218261,0.0224145296961069,0.6237478256225586,0.8734912276268005,0.1638535112142563,0.0443097949028015,0.5413954854011536,0.0258643012493848,0.9801381230354308,0.777314305305481,0.979665219783783,0.0210765395313501,0.0147320041432976,0.0486011989414691,0.8876076936721802,0.9438818097114564,0.187681645154953,0.0241291373968124,0.9757519960403442,0.0518476590514183,0.0300335921347141,0.9048261642456056,0.0417905747890472,0.9791477918624878,0.2388353496789932,0.2788120210170746,0.009189473465085,0.0502544268965721,0.0408018939197063,0.8718962669372559,0.4722362756729126,0.2916263043880462,0.5995730757713318,0.8362252116203308,0.784518837928772,0.1127754747867584,0.0530458129942417,0.037675604224205,0.0208509340882301,0.2211323082447052,0.0154517609626054,0.0706003978848457,0.0307045541703701,0.0241343136876821,0.0398898981511592,0.128110185265541,0.3842662274837494,0.0881044939160347,0.9902890920639038,0.0278493985533714,0.0445556603372097,0.0294733643531799,0.8166128396987915,0.0788191482424736,0.6648914217948914,0.8454194664955139,0.9837732315063475,0.0478389933705329,0.1021446287631988,0.0586543045938015,0.017578225582838,0.981389582157135,0.0289070960134267
wood_louse,0.0361678265035152,0.0254877153784036,0.0254851840436458,0.9910560846328736,0.2139061093330383,0.0436661839485168,0.5521475076675415,0.9846134185791016,0.0254209171980619,0.9779379367828368,0.1756384223699569,0.908452808856964,0.0702630579471588,0.0604224763810634,0.1406059861183166,0.085484005510807,0.9643217325210572,0.9761137962341307,0.0320193655788898,0.9430615305900574,0.8461065292358398,0.5678529739379883,0.0916254967451095,0.0233898852020502,0.9849998950958252,0.1494147032499313,0.9705195426940918,0.08805613219738,0.0250714719295501,0.1265326291322708,0.5530164837837219,0.0887653157114982,0.0345178358256816,0.0188128687441349,0.9685381650924684,0.0226321220397949,0.0470461547374725,0.4379614591598511,0.058038093149662,0.0400163531303405,0.024014500901103,0.0274785328656435,0.0470750965178012,0.1128276214003562,0.0337632149457931,0.3417385816574096,0.0295045170933008,0.8289929032325745,0.0387655831873416,0.9805386066436768,0.9681840538978576,0.0438151434063911,0.0142807262018322,0.8264391422271729,0.0259001832455396,0.4215081036090851,0.0185576081275939,0.027044354006648,0.0361007377505302,0.0699348896741867,0.1008312106132507,0.0512840785086154,0.9849123954772948,0.0686289370059967
caterpillar,0.9921880960464478,0.042572796344757,0.0166503395885229,0.091942049562931,0.884816586971283,0.8607785701751709,0.1349785327911377,0.9811273217201232,0.0457116328179836,0.5278344750404358,0.2003509551286697,0.934242069721222,0.0204667951911687,0.0225974358618259,0.065894640982151,0.9572871923446656,0.8135940432548523,0.1219397485256195,0.0119464211165905,0.111459381878376,0.194862499833107,0.980211079120636,0.0422418862581253,0.049875870347023,0.9722627401351928,0.0732308775186538,0.0257917400449514,0.9605353474617004,0.0155773209407925,0.0412398874759674,0.9799444675445556,0.0778293535113334,0.0545516349375247,0.0259262342005968,0.977639138698578,0.817318320274353,0.0185227636247873,0.0376457683742046,0.5286720395088196,0.0149203324690461,0.6603220701217651,0.066688172519207,0.0104849142953753,0.0067288917489349,0.028257593512535,0.0143819721415638,0.2091726213693618,0.9679650664329528,0.1559784710407257,0.9625081419944764,0.0468232482671737,0.0229098349809646,0.131380021572113,0.2302689850330352,0.0320991799235343,0.1875192821025848,0.971303939819336,0.1029014661908149,0.5530929565429688,0.969645619392395,0.0926295667886734,0.0149824414402246,0.9832332730293274,0.0339832045137882
spider,0.961770474910736,0.1854462027549743,0.0386834070086479,0.9798669815063475,0.0479140803217887,0.0749197825789451,0.1006682887673378,0.9722161889076232,0.01715006865561,0.421349823474884,0.2976776957511902,0.9628511667251588,0.0136735774576663,0.1102634221315383,0.0442509017884731,0.222336009144783,0.033853244036436,0.068968541920185,0.0550452843308448,0.0265859402716159,0.9529467225074768,0.0935950651764869,0.7786167860031128,0.0885219126939773,0.966579258441925,0.8373883366584778,0.9412580132484436,0.0759397000074386,0.0949641466140747,0.1062443852424621,0.8607529997825623,0.0867633447051048,0.1986877769231796,0.9201613068580629,0.9642409682273864,0.0360871702432632,0.0516007728874683,0.9516814947128296,0.7624961733818054,0.0231430269777774,0.0570127815008163,0.0703281015157699,0.0357922948896884,0.0597162470221519,0.0200326275080442,0.5888531804084778,0.0893236249685287,0.97502863407135,0.0589713528752327,0.5620617270469666,0.0627861246466636,0.0136249111965298,0.85054612159729,0.0236349143087863,0.04679736495018,0.918570876121521,0.0414410829544067,0.0145376026630401,0.3810118436813354,0.2570795714855194,0.0156796760857105,0.1263143122196197,0.156340017914772,0.017958840355277
grasshopper,0.9591687917709352,0.0358085893094539,0.035881470888853,0.571112334728241,0.9839490056037904,0.0353319384157657,0.0739049315452575,0.9572449922561646,0.0551078058779239,0.0574134103953838,0.6831832528114319,0.9825198650360109,0.019169982522726,0.1063986793160438,0.0604968033730983,0.0517301745712757,0.0583890825510025,0.096955582499504,0.0400676727294921,0.0334197580814361,0.0337227694690227,0.9504552483558656,0.8382468819618225,0.0489286668598651,0.4876438677310943,0.0275031309574842,0.0371977463364601,0.0248007029294967,0.0217591673135757,0.1694353371858596,0.9446959495544434,0.0788447707891464,0.0516226664185524,0.0428264588117599,0.9873486757278442,0.9845251441001892,0.0185057185590267,0.9842459559440612,0.0096968347206711,0.1035578623414039,0.2140850126743316,0.0868507847189903,0.0326782502233982,0.9858965277671814,0.0238292813301086,0.1372711658477783,0.0619877427816391,0.0350371412932872,0.038883488625288,0.9877433776855468,0.0270051453262567,0.9330180883407592,0.0385299623012542,0.8874250650405884,0.4776856601238251,0.3099365234375,0.9826624393463136,0.0376972407102584,0.0412155054509639,0.7066346406936646,0.663351833820343,0.1686264872550964,0.9870278835296632,0.1151371374726295
fly,0.0247349012643098,0.4373105466365814,0.0224954504519701,0.0276916176080703,0.068058356642723,0.1711244434118271,0.0241144951432943,0.891304075717926,0.9689220190048218,0.0122803701087832,0.1070135906338691,0.9836503863334656,0.6675289869308472,0.0484932512044906,0.057252187281847,0.8156821131706238,0.0989586561918258,0.9511030316352844,0.1924207359552383,0.0401010401546955,0.4485987424850464,0.0398251079022884,0.0699448063969612,0.0359204225242137,0.9877609014511108,0.9631776809692384,0.9762929677963256,0.1127810701727867,0.3794788718223572,0.0549807772040367,0.9710773229599,0.0534378141164779,0.0587775334715843,0.9905015230178832,0.9688474535942078,0.133427619934082,0.3493997752666473,0.9802746176719666,0.9672663807868958,0.5907549262046814,0.0755389779806137,0.1121227890253067,0.927257776260376,0.1713606864213943,0.6993240118026733,0.3710503280162811,0.0318169668316841,0.3751479983329773,0.059866864234209,0.9895977973937988,0.1738804429769516,0.4526671171188354,0.0355101004242897,0.2458241283893585,0.1132228076457977,0.1646066009998321,0.1263986974954605,0.072339117527008,0.0980111584067344,0.1570011675357818,0.0739897489547729,0.0761046782135963,0.8837829828262329,0.0609927698969841
butterfly,0.9558047652244568,0.9827253222465516,0.0170256588608026,0.3044958412647247,0.984062135219574,0.9940464496612548,0.0742872133851051,0.9008347392082214,0.0844632014632225,0.0117946984246373,0.238088920712471,0.9784382581710817,0.0186364389955997,0.0743573531508445,0.0188388805836439,0.1280008554458618,0.0165497157722711,0.5370268821716309,0.0975818783044815,0.0407387800514698,0.0178367234766483,0.9523286819458008,0.9752185940742492,0.0670884326100349,0.972274661064148,0.0412714816629886,0.1375017613172531,0.3824507892131805,0.0761355981230735,0.2130893468856811,0.9025997519493104,0.0842096880078315,0.0484111942350864,0.0421672835946083,0.9595334529876708,0.1560896784067154,0.0450377948582172,0.0898498073220253,0.0225402433425188,0.1263271123170852,0.035938449203968,0.0268894247710704,0.0274410191923379,0.2003915607929229,0.2133732885122299,0.0621226765215396,0.0849021449685096,0.025672361254692,0.0762234181165695,0.0315129123628139,0.721293032169342,0.0284546613693237,0.0357298515737056,0.0663473382592201,0.0910773053765297,0.9823181629180908,0.0860787332057952,0.7911049723625183,0.0147972619161009,0.022202854976058,0.2286192774772644,0.1364736855030059,0.9540091156959534,0.0406365506350994
flee,0.0606844723224639,0.0696672201156616,0.0817429646849632,0.308210164308548,0.1395851373672485,0.0571886263787746,0.2774791121482849,0.9847211241722108,0.055031057447195,0.9689991474151612,0.2907723784446716,0.9526526927947998,0.2911094725131988,0.0348639227449893,0.4642792046070099,0.2935375273227691,0.0869921892881393,0.3661718070507049,0.0327395871281623,0.0259053986519575,0.0564211383461952,0.2323121577501297,0.1190657690167427,0.0800183564424514,0.9841704368591307,0.2748673260211944,0.7582792639732361,0.1045564487576484,0.0665555894374847,0.2231956571340561,0.8698109984397888,0.0287297964096069,0.3213444948196411,0.9847214818000792,0.2758047580718994,0.1662957221269607,0.1146414950489997,0.7849062085151672,0.0665650740265846,0.0303710494190454,0.9913244247436525,0.102536492049694,0.0515515692532062,0.126309260725975,0.6668549180030823,0.0419201403856277,0.0583097897469997,0.0574992075562477,0.3868353366851806,0.9856767654418944,0.0852428004145622,0.1681387275457382,0.0641664937138557,0.9885498881340028,0.2774986028671264,0.0440087169408798,0.1537747532129287,0.9855335354804992,0.0831389129161834,0.0198784433305263,0.9826813340187072,0.910658597946167,0.9407083988189696,0.9717850685119628
wasp,0.9888179302215576,0.0398523136973381,0.0169140007346868,0.5113032460212708,0.0710974112153053,0.1463835835456848,0.0501706264913082,0.9885786771774292,0.3809486329555511,0.5816725492477417,0.0225601736456155,0.9829887747764589,0.0464698635041713,0.0391986891627311,0.0441476963460445,0.1032798662781715,0.0913590043783187,0.8831517696380615,0.0276905409991741,0.0325282849371433,0.0196226518601179,0.3252523839473724,0.9624363780021667,0.0234620664268732,0.9886202812194824,0.0169026590883731,0.6559053659439087,0.0710222199559211,0.130581334233284,0.0458606779575347,0.3925441801548004,0.0557838231325149,0.959179162979126,0.0285659115761518,0.9837583899497986,0.0238809138536453,0.1448603272438049,0.2435981482267379,0.9922215342521667,0.0223422367125749,0.1266335546970367,0.0245111137628555,0.0323583371937274,0.1630828380584716,0.0407967716455459,0.8564812541007996,0.5200430750846863,0.0452375821769237,0.9498595595359802,0.0364166349172592,0.8480908274650574,0.020682455971837,0.1302158087491989,0.1537000089883804,0.019169058650732,0.9206708669662476,0.0188387427479028,0.9550690054893494,0.7254863381385803,0.2905906140804291,0.0290048941969871,0.0532040037214756,0.978015959262848,0.0170131586492061
worm,0.0345439277589321,0.9653398394584656,0.0510584637522697,0.0783226564526557,0.0197716355323791,0.1260882019996643,0.1998291164636612,0.9395066499710084,0.0218603573739528,0.992933988571167,0.9455188512802124,0.7643314599990845,0.4317579567432403,0.0180713031440973,0.994800329208374,0.2069029510021209,0.9856239557266236,0.1881031394004821,0.0901097059249877,0.0682093203067779,0.1814168840646743,0.0223361290991306,0.5708929896354675,0.0581345669925212,0.978701949119568,0.0668181329965591,0.0683401599526405,0.1995137482881546,0.1523294895887375,0.1537549048662185,0.620258629322052,0.0601255446672439,0.2218910902738571,0.2624188363552093,0.9289617538452148,0.0652843564748764,0.066532015800476,0.3060173988342285,0.2958466112613678,0.255612164735794,0.995902955532074,0.0678303986787796,0.1515392810106277,0.1052188351750373,0.0423464775085449,0.0509545877575874,0.8662276268005371,0.9668561220169068,0.1264538615942001,0.5238398909568787,0.0387256518006324,0.2001506388187408,0.4808536767959595,0.2634086012840271,0.0712901279330253,0.0723651424050331,0.4250405132770538,0.9936827421188354,0.0527070462703704,0.708873450756073,0.9935584664344788,0.122049294412136,0.9414161443710328,0.0244193412363529
viper,0.8329304456710815,0.195901945233345,0.0363164246082305,0.1095265969634056,0.145130455493927,0.9886037111282348,0.0936292335391044,0.9006257057189941,0.9821617603302002,0.9687269926071168,0.3013601899147033,0.0700690299272537,0.9500093460083008,0.0349613353610038,0.0438140742480754,0.9777095317840576,0.8727028369903564,0.0711774080991745,0.0634116679430008,0.2185773253440857,0.214590698480606,0.8623325228691101,0.9223320484161376,0.1144888699054718,0.5071790814399719,0.4057729840278625,0.0663429945707321,0.0259467214345932,0.9622604846954346,0.0398808121681213,0.5427517294883728,0.0509649142622947,0.1813989728689193,0.8432790637016296,0.0696928948163986,0.0543271861970424,0.98151957988739,0.0799216702580452,0.7021188735961914,0.2924659252166748,0.2862251996994018,0.0548679679632186,0.2999415993690491,0.1865983456373214,0.095932088792324,0.1512433141469955,0.9699615836143494,0.2585486769676208,0.1212312057614326,0.9824240803718568,0.9841864705085754,0.7127895951271057,0.990321695804596,0.0543592162430286,0.9226739406585692,0.0184399839490652,0.9030914902687072,0.2111571282148361,0.8601668477058411,0.9314995408058168,0.3306106030941009,0.0335592962801456,0.0501913726329803,0.9758038520812988
alligator,0.8254102468490601,0.1292584836483001,0.293517917394638,0.2730549573898315,0.0644296184182167,0.0559109672904014,0.0939585641026496,0.9736579060554504,0.9700803756713868,0.9857836961746216,0.2101227343082428,0.518242359161377,0.986908197402954,0.0295654777437448,0.9783065915107728,0.0422483719885349,0.8031426668167114,0.10838233679533,0.2776286602020263,0.9792467951774596,0.0921572521328926,0.9838882088661194,0.9625544548034668,0.0514783188700675,0.4034497439861297,0.082460381090641,0.0482843965291976,0.106000080704689,0.9778454899787904,0.1398174315690994,0.1139548271894455,0.0488163158297538,0.5923532247543335,0.0366909652948379,0.3753628134727478,0.9753596782684326,0.6676467061042786,0.1132944822311401,0.0736872851848602,0.9664049744606018,0.1168076768517494,0.295309454202652,0.2357801795005798,0.896935760974884,0.9602084755897522,0.7070556282997131,0.0630823150277137,0.8805865049362183,0.1821090877056121,0.071680411696434,0.9405248761177064,0.9830657243728638,0.0485744811594486,0.0887387245893478,0.8565516471862793,0.931911289691925,0.9733543395996094,0.5409703850746155,0.9820780158042908,0.9624024629592896,0.0757994353771209,0.9548990726470948,0.0831571444869041,0.0525342747569084
boa,0.986944317817688,0.1352705657482147,0.33881676197052,0.050596497952938,0.0158017110079526,0.0840958133339881,0.0150761967524886,0.9677404165267944,0.9796532392501832,0.9870265126228333,0.1511907428503036,0.9206189513206482,0.9901993870735168,0.8076452016830444,0.0510516799986362,0.9614556431770324,0.9803704023361206,0.0995270758867263,0.6179445385932922,0.1380679607391357,0.067026175558567,0.9902637004852296,0.9878210425376892,0.032283216714859,0.0430737920105457,0.3898902833461761,0.0329704545438289,0.0205232836306095,0.988198220729828,0.0315535180270671,0.0790696591138839,0.2955517172813415,0.0827518180012703,0.5735231041908264,0.0204726327210664,0.1651428788900375,0.9917954802513124,0.0514227896928787,0.7392381429672241,0.0922911986708641,0.7121793627738953,0.4402354955673218,0.040841419249773,0.0832113549113273,0.0357764102518558,0.0859960168600082,0.4521241188049316,0.4058068692684173,0.2666006982326507,0.9813081622123718,0.8773295879364014,0.060304369777441,0.9776971340179444,0.0474542714655399,0.8253903388977051,0.9340508580207824,0.8546826243400574,0.2039703726768493,0.9885425567626952,0.9893333315849304,0.0479893572628498,0.9885974526405334,0.8133684396743774,0.028568435460329
cobra,0.8329304456710815,0.195901945233345,0.0363164246082305,0.1095265969634056,0.145130455493927,0.9886037111282348,0.0936292335391044,0.9006257057189941,0.9821617603302002,0.9687269926071168,0.3013601899147033,0.0700690299272537,0.9500093460083008,0.0349613353610038,0.0438140742480754,0.9777095317840576,0.8727028369903564,0.0711774080991745,0.0634116679430008,0.2185773253440857,0.214590698480606,0.8623325228691101,0.9223320484161376,0.1144888699054718,0.5071790814399719,0.4057729840278625,0.0663429945707321,0.0259467214345932,0.9622604846954346,0.0398808121681213,0.5427517294883728,0.0509649142622947,0.1813989728689193,0.8432790637016296,0.0696928948163986,0.0543271861970424,0.98151957988739,0.0799216702580452,0.7021188735961914,0.2924659252166748,0.2862251996994018,0.0548679679632186,0.2999415993690491,0.1865983456373214,0.095932088792324,0.1512433141469955,0.9699615836143494,0.2585486769676208,0.1212312057614326,0.9824240803718568,0.9841864705085754,0.7127895951271057,0.990321695804596,0.0543592162430286,0.9226739406585692,0.0184399839490652,0.9030914902687072,0.2111571282148361,0.8601668477058411,0.9314995408058168,0.3306106030941009,0.0335592962801456,0.0501913726329803,0.9758038520812988
dinosaur,0.9690311551094056,0.5693937540054321,0.0237127803266048,0.9634283185005188,0.4824904501438141,0.8107184171676636,0.0414959341287612,0.0193363726139068,0.4189466536045074,0.9896619319915771,0.2758798003196716,0.073183499276638,0.9922667145729064,0.0183199625462293,0.9691281914711,0.0957905352115631,0.06711295992136,0.0510485395789146,0.237826719880104,0.966123640537262,0.9820924997329712,0.9899792671203612,0.9787203073501588,0.064472459256649,0.0313126631081104,0.1057411730289459,0.0186836067587137,0.0448650233447551,0.9526991248130798,0.0618669651448726,0.9835831522941588,0.0313047878444194,0.9915676712989808,0.9851369857788086,0.2178079932928085,0.1072721555829048,0.8211237192153931,0.0555310659110546,0.4741979837417602,0.8918092846870422,0.6629307866096497,0.1294887959957122,0.7305454611778259,0.203528419137001,0.9649412631988524,0.0603689327836036,0.0771747678518295,0.9912661910057068,0.0638534650206565,0.072745680809021,0.032720573246479,0.8854057788848877,0.0624632984399795,0.068405658006668,0.872640073299408,0.9843258261680604,0.0480450689792633,0.0473752729594707,0.9793212413787842,0.9838137626647948,0.0503372438251972,0.6068433523178101,0.0497401617467403,0.0739853903651237
gecko,0.8954910039901733,0.0237207226455211,0.0440314151346683,0.9458112716674804,0.7724102735519409,0.0515854358673095,0.0340876020491123,0.9390150308609008,0.9564270973205566,0.8589746356010437,0.0876547470688819,0.1938415467739105,0.9759665131568908,0.0506775304675102,0.8659784197807312,0.9485832452774048,0.7113797664642334,0.0854996964335441,0.8909978270530701,0.9527553915977478,0.1528444290161132,0.9863790273666382,0.9319953918457032,0.7293983697891235,0.6109101176261902,0.1479651778936386,0.0438918471336364,0.0503090769052505,0.0618199855089187,0.0378061681985855,0.0536469295620918,0.1123594120144844,0.5881184935569763,0.5329670906066895,0.3944777548313141,0.9849862456321716,0.9768158197402954,0.0377525612711906,0.1412865072488784,0.2607877552509308,0.2644242644309997,0.0409885197877883,0.9766139388084412,0.1171556413173675,0.3340925276279449,0.2400773167610168,0.6967639923095703,0.897876501083374,0.88542240858078,0.3568283915519714,0.0645798966288566,0.2527801394462585,0.9498271346092224,0.1901625841856002,0.1186063513159751,0.9707515835762024,0.9709016680717468,0.0832692086696624,0.7450183033943176,0.2320349663496017,0.8517603874206543,0.9540690183639526,0.9167901873588562,0.0234568249434232
lizard,0.98644757270813,0.0709986835718154,0.0430021807551384,0.9791066646575928,0.9865342378616332,0.0899850353598594,0.0229492019861936,0.9855586290359496,0.4004421532154083,0.9847555756568908,0.0656605139374733,0.0439274199306964,0.8462495803833008,0.3991431593894958,0.1515161097049713,0.9016174077987672,0.9624851942062378,0.1292283236980438,0.4785929024219513,0.7401546239852905,0.9757885336875916,0.9650517106056212,0.9441551566123962,0.5697743892669678,0.952024221420288,0.0320973135530948,0.0968757420778274,0.0726695582270622,0.4682401120662689,0.0449853800237178,0.8116339445114136,0.2911923825740814,0.5355566740036011,0.6549037098884583,0.8861921429634094,0.7152898907661438,0.9626127481460572,0.1687027215957641,0.021480506286025,0.8719875812530518,0.0336527004837989,0.0518950298428535,0.6947056651115417,0.8723869919776917,0.9618796110153198,0.0506376400589942,0.9828376770019532,0.0429036580026149,0.9906094670295716,0.9112825393676758,0.0988018363714218,0.2999899387359619,0.9763699173927308,0.1604582965373993,0.5695381164550781,0.2135660350322723,0.94920414686203,0.0512110777199268,0.94256329536438,0.0357255339622497,0.0978154987096786,0.1992768347263336,0.8752374053001404,0.9808191657066344
blindworm,0.9876430034637452,0.1879128217697143,0.2522237300872803,0.1952494233846664,0.0234900899231433,0.9026263952255248,0.0500345565378665,0.34576416015625,0.5974891185760498,0.9854076504707336,0.3679371476173401,0.978461980819702,0.9255728125572203,0.2459206134080886,0.6073765754699707,0.9860600233078004,0.9806441068649292,0.066681757569313,0.0612183548510074,0.0865802094340324,0.9834903478622437,0.927084982395172,0.9784042239189148,0.035493578761816,0.9489306807518004,0.0477406606078147,0.0316517390310764,0.045539878308773,0.1562711596488952,0.1825942993164062,0.7821208238601685,0.6168280243873596,0.211806446313858,0.9783236980438232,0.040298294275999,0.3615758121013641,0.9119648337364196,0.053860068321228,0.8805704116821289,0.7877926826477051,0.1264986991882324,0.1133636087179184,0.9732806086540222,0.9372353553771972,0.2746564447879791,0.2555810213088989,0.9817644953727722,0.1053975224494934,0.8794397115707397,0.989556610584259,0.132782831788063,0.2549592852592468,0.9567190408706664,0.2393539696931839,0.4070862531661987,0.246412768959999,0.9801034927368164,0.0920057520270347,0.3302578926086426,0.8507534861564636,0.4756491780281067,0.9849549531936646,0.9756065011024476,0.1599905788898468
caiman,0.973671555519104,0.1009615436196327,0.0904058814048767,0.0687834993004798,0.0751023441553115,0.0523980408906936,0.0287508871406316,0.9590178728103638,0.9385273456573486,0.9849758744239808,0.1848437637090683,0.9044411778450012,0.9924092292785645,0.182258203625679,0.9811595678329468,0.1179336085915565,0.9193429350852966,0.4448820054531097,0.9563469886779784,0.670159101486206,0.5761299729347229,0.9854398369789124,0.8937582969665527,0.1404221802949905,0.1770520657300949,0.5894162058830261,0.2398441880941391,0.1022745072841644,0.941391944885254,0.3929502069950104,0.1204739138484001,0.1174232140183448,0.8655521869659424,0.2196335196495056,0.6670675277709961,0.9764606952667236,0.5652815103530884,0.1520444899797439,0.091395691037178,0.687218189239502,0.0818438455462455,0.106731966137886,0.225181832909584,0.6859131455421448,0.0802579745650291,0.2854996621608734,0.1013553962111473,0.3707044720649719,0.180755078792572,0.0429772101342678,0.1668058782815933,0.9839274287223816,0.0643739998340606,0.1353285312652588,0.6160883903503418,0.9624214768409728,0.978748083114624,0.1202417388558387,0.9882380366325378,0.9836713671684264,0.103772833943367,0.9739819765090942,0.1166546419262886,0.96173757314682
chameleon,0.9845535755157472,0.2811408638954162,0.0318829491734504,0.9056946039199828,0.7828481197357178,0.5200604796409607,0.0287284050136804,0.9644092321395874,0.8769447803497314,0.9063981771469116,0.1614530235528946,0.173719123005867,0.97970849275589,0.729183554649353,0.0423342064023017,0.0659359470009803,0.3472226560115814,0.0360055901110172,0.5678872466087341,0.943636417388916,0.0773376747965812,0.988580286502838,0.9497295618057252,0.936144471168518,0.0786761119961738,0.0388606898486614,0.0325370356440544,0.1306155025959015,0.0434971638023853,0.0444645471870899,0.0990691781044006,0.0344774611294269,0.5651906132698059,0.0565811619162559,0.8506363034248352,0.9781805276870728,0.9661680459976196,0.0350899137556552,0.1108820810914039,0.179292693734169,0.0939798206090927,0.2042784541845321,0.968288004398346,0.7476967573165894,0.1384858340024948,0.6851446032524109,0.9757852554321288,0.0256541762501001,0.9676230549812316,0.0759212300181388,0.064546875655651,0.6545632481575012,0.96595561504364,0.1977076828479766,0.9694452881813048,0.8668057322502136,0.9475101828575134,0.0597201064229011,0.9369214177131652,0.3162255585193634,0.2141315788030624,0.1979961693286895,0.9706966280937196,0.1827968955039978
frog,0.9886434674263,0.3292621970176697,0.9374780654907228,0.4804929792881012,0.2946076989173889,0.045783769339323,0.3287300169467926,0.9822028875350952,0.989962637424469,0.9160358905792236,0.0857319682836532,0.1902064979076385,0.0219583939760923,0.988941252231598,0.9843161702156068,0.3070188760757446,0.1035784259438514,0.0604290291666984,0.0200690049678087,0.9908199906349182,0.0509365685284137,0.9877338409423828,0.9901935458183287,0.1181137710809707,0.7522405385971069,0.0631161481142044,0.048304297029972,0.3234712779521942,0.125998854637146,0.6596046090126038,0.9332513213157654,0.0461664870381355,0.0730584561824798,0.0470455214381217,0.9419319033622742,0.8746054172515869,0.9763889908790588,0.0306118316948413,0.0411789752542972,0.3641744554042816,0.0339715182781219,0.2310923486948013,0.9782671928405762,0.7264984846115112,0.0189366396516561,0.8830276131629944,0.0502625741064548,0.0996680408716201,0.091569684445858,0.0303625576198101,0.9800788760185242,0.1733349412679672,0.3350014984607696,0.4798116683959961,0.0343591496348381,0.144144058227539,0.9861057996749878,0.0362053886055946,0.976049304008484,0.0158371981233358,0.0268304124474525,0.0493024103343486,0.5039493441581726,0.0367372222244739
crocodile,0.8788763284683228,0.8716425895690918,0.0703963041305542,0.1717434525489807,0.079278253018856,0.1008915603160858,0.040212757885456,0.9635754227638244,0.96640545129776,0.9822491407394408,0.0568372383713722,0.4438001811504364,0.9897801876068116,0.1052363142371177,0.87973552942276,0.0494044385850429,0.739899754524231,0.1396347731351852,0.0712206587195396,0.9700040817260742,0.077580988407135,0.9756332635879515,0.9566210508346558,0.1046418398618698,0.7457741498947144,0.3715427815914154,0.0487492904067039,0.1146371215581893,0.982357382774353,0.2108194231986999,0.2207864075899124,0.062561996281147,0.3558957278728485,0.0797343775629997,0.076385959982872,0.9794552326202391,0.148234024643898,0.273711621761322,0.1350067704916,0.9366503953933716,0.2867573201656341,0.1352504640817642,0.4569078981876373,0.5676165819168091,0.95846825838089,0.1461016684770584,0.0529635846614837,0.9391891360282898,0.0817462280392646,0.092540755867958,0.1849743127822876,0.9796613454818726,0.0366028062999248,0.5163419246673584,0.453765869140625,0.9712827801704408,0.956096053123474,0.0769533365964889,0.9678047299385072,0.979971706867218,0.3303356468677521,0.9368093609809875,0.0386236608028411,0.6250036358833313
iguana,0.9531164765357972,0.0888445526361465,0.0297334901988506,0.9840377569198608,0.9857048988342284,0.0292670559138059,0.0189039092510938,0.982446789741516,0.3543986082077026,0.974168062210083,0.6710253953933716,0.0576712749898433,0.9707106947898864,0.0221378747373819,0.1295129358768463,0.9750710129737854,0.9383429884910583,0.0472061336040496,0.6030547022819519,0.9692761301994324,0.3296597003936767,0.9798296689987184,0.9806010723114014,0.514781653881073,0.0939290225505828,0.0874503403902053,0.0297291725873947,0.0390540547668933,0.1319668442010879,0.0307237412780523,0.0571561306715011,0.0305131692439317,0.8285021185874939,0.7123944759368896,0.6437295079231262,0.9825892448425292,0.9740062355995178,0.0634465813636779,0.7605862617492676,0.0762219429016113,0.2635458707809448,0.0678157433867454,0.97169828414917,0.9721632599830629,0.7099686861038208,0.0554793737828731,0.9642788767814636,0.9444646835327148,0.9657586812973022,0.0225396305322647,0.1085603535175323,0.0709924399852752,0.9785889983177184,0.0995423719286918,0.5359042286872864,0.4863858819007873,0.9817346930503844,0.4686200320720672,0.7701709270477295,0.0436832718551158,0.2013276070356369,0.4660791456699371,0.8643304705619812,0.0824741125106811
toad,0.9290656447410583,0.0716161131858825,0.9512832760810852,0.2216111570596695,0.3371933102607727,0.0300041008740663,0.1604777574539184,0.9078006148338318,0.9863947629928588,0.9851456880569458,0.1053241863846778,0.0683174878358841,0.0703125819563865,0.9501194953918456,0.3379721343517303,0.0337841287255287,0.9827105402946472,0.4091514050960541,0.0386818312108516,0.857555091381073,0.9791663289070128,0.9728148579597472,0.9900201559066772,0.1275041252374649,0.9572945833206176,0.2681179940700531,0.0269209835678339,0.0490805581212043,0.0820493772625923,0.6838585138320923,0.981171727180481,0.0274132955819368,0.1856877505779266,0.0313260741531848,0.9832899570465088,0.1041140109300613,0.9792230129241944,0.0310925059020519,0.7120640873908997,0.9828544855117798,0.8633226752281189,0.6127581596374512,0.9893456101417542,0.969882309436798,0.1596394926309585,0.8498671054840088,0.0559918582439422,0.0640593841671943,0.053651001304388,0.9789025783538818,0.9835740327835084,0.8984168767929077,0.8931054472923279,0.0305512621998786,0.0263533815741539,0.1272314637899398,0.9815555214881896,0.0281773041933774,0.1121429204940795,0.0471879914402961,0.0550842992961406,0.0729988887906074,0.580394446849823,0.0258772559463977
python,0.9702205061912536,0.3050389587879181,0.3903187215328216,0.0508792214095592,0.0281502809375524,0.8869319558143616,0.0226241368800401,0.9222262501716614,0.9646669626235962,0.9528974890708924,0.7236870527267456,0.9624266624450684,0.9765561819076538,0.0419942028820514,0.0297568850219249,0.9457003474235536,0.98977130651474,0.2244494259357452,0.6501515507698059,0.0445251800119876,0.031210733577609,0.9598471522331238,0.97617506980896,0.0395790748298168,0.0756963491439819,0.3358860611915588,0.0909009650349617,0.0338572598993778,0.9807538390159608,0.0377221964299678,0.1955922991037368,0.8314518332481384,0.0884787067770958,0.8859143853187561,0.0409496463835239,0.8161982297897339,0.9801759123802184,0.1460457444190979,0.0920090153813362,0.1056464090943336,0.9476325511932372,0.0618288666009902,0.1019958034157753,0.0408887043595314,0.0273278150707483,0.0751539915800094,0.8245132565498352,0.3536801934242248,0.0826803743839263,0.9832705855369568,0.0594032518565654,0.0623772777616977,0.9488211274147034,0.3771567940711975,0.7098965644836426,0.7683351039886475,0.9358022212982178,0.1183659359812736,0.9397817850112916,0.9871396422386168,0.1195342242717742,0.9841968417167664,0.3721731007099151,0.0317579992115497
salamander,0.9522271752357484,0.3852630257606506,0.0481172390282154,0.0616204813122749,0.9049709439277648,0.1269579231739044,0.2539006471633911,0.8315233588218689,0.9697545766830444,0.9656445384025574,0.036839485168457,0.8525460362434387,0.206938236951828,0.9807485342025756,0.9532296657562256,0.0992761477828025,0.8751680254936218,0.9543261528015136,0.056313406676054,0.8349255323410034,0.0578374713659286,0.8217527866363525,0.96996808052063,0.7771936058998108,0.969312846660614,0.0342529900372028,0.0637974217534065,0.0292252693325281,0.0563624836504459,0.1826043874025344,0.0293832439929246,0.3956737816333771,0.0548105612397193,0.1622651815414428,0.0492362417280674,0.1803505271673202,0.8805131316184998,0.0703430026769638,0.0593806616961956,0.971364676952362,0.4424509406089782,0.0434969924390316,0.9894188046455384,0.9791364073753356,0.9885402321815492,0.9736951589584352,0.1201830580830574,0.0318173430860042,0.8925914764404297,0.1204826831817627,0.9585641026496888,0.3895723521709442,0.2938874959945678,0.1144415810704231,0.0948531106114387,0.0591192208230495,0.9828678369522096,0.1633943915367126,0.979392111301422,0.0541752912104129,0.6702182292938232,0.7311137914657593,0.8855319619178772,0.9660521149635316
tortoise,0.9254443645477296,0.1144040301442146,0.0892030149698257,0.0386939942836761,0.9885452389717102,0.3303373456001282,0.0129230031743645,0.1144943386316299,0.9681306481361388,0.9927640557289124,0.2431309521198272,0.9655781388282776,0.8800779581069946,0.942097306251526,0.0984110310673713,0.04203412681818,0.267196387052536,0.0275850147008895,0.1038371622562408,0.9765282273292542,0.3033900558948517,0.2497587203979492,0.984372854232788,0.839031457901001,0.1789694875478744,0.6376034617424011,0.0618669055402278,0.0530067794024944,0.4476419687271118,0.0552866384387016,0.5064184665679932,0.0299436915665864,0.9891760945320128,0.226466491818428,0.9738178253173828,0.6623238325119019,0.0303070601075887,0.0559354610741138,0.140565738081932,0.9904757142066956,0.9869483709335328,0.0882756114006042,0.9814866185188292,0.1319331377744674,0.9922069907188416,0.0162202101200819,0.9250061511993408,0.2211328148841858,0.97702956199646,0.0502933599054813,0.0666344165802002,0.953632116317749,0.9869346618652344,0.2543193697929382,0.6400285959243774,0.0319735221564769,0.9721221327781676,0.0728924572467804,0.8071047067642212,0.6601957082748413,0.0927580222487449,0.027441507205367,0.7542738318443298,0.0313957817852497
snake,0.9881632924079896,0.2285569012165069,0.0338039882481098,0.1638966053724289,0.0286671184003353,0.9739529490470886,0.0463271141052246,0.9496534466743468,0.9827250838279724,0.9751796126365662,0.0331554599106311,0.2025513052940368,0.9259942770004272,0.0651830211281776,0.0942956954240799,0.9832678437232972,0.0255405716598033,0.1241375803947448,0.1199383065104484,0.9519452452659608,0.1653777956962585,0.9745740294456482,0.9797114729881288,0.1617547422647476,0.6408965587615967,0.043184608221054,0.0200450867414474,0.0391631834208965,0.9892054796218872,0.4606348276138305,0.978409230709076,0.0595399141311645,0.046546071767807,0.6184136271476746,0.0155522683635354,0.3001453578472137,0.9775601625442504,0.0670815855264663,0.0366753637790679,0.1614434272050857,0.4317589700222015,0.0293798521161079,0.0141944959759712,0.0404337421059608,0.0616394765675067,0.0510616190731525,0.4906433522701263,0.0359838679432868,0.9411779642105104,0.9933757185935974,0.96299409866333,0.8073573708534241,0.9758780598640442,0.1695362776517868,0.0509162507951259,0.1849457621574401,0.9655697345733644,0.1413124948740005,0.9719744324684144,0.0354808159172534,0.1019929870963096,0.1054012924432754,0.1743296831846237,0.1501407474279403
monitor_lizard,0.9566094875335692,0.3861527144908905,0.0385022833943367,0.9739081859588624,0.9658534526824952,0.9027251601219176,0.0395660512149333,0.966038167476654,0.0523679107427597,0.9844807386398317,0.1066194027662277,0.0891399905085563,0.9909143447875975,0.0571552850306034,0.1883361488580703,0.7559662461280823,0.9787588119506836,0.1075541749596595,0.9887079000473022,0.818300187587738,0.9779956340789796,0.9218319654464722,0.9611392617225648,0.2928317487239837,0.445196121931076,0.9831929206848145,0.0477778762578964,0.0324179604649543,0.1668227910995483,0.0342534333467483,0.0475130006670951,0.0471975803375244,0.9265120029449464,0.236436128616333,0.9441197514533995,0.9867222309112548,0.9529900550842284,0.4330297112464905,0.9627057909965516,0.9272515177726746,0.0312589332461357,0.1094920486211776,0.0484951362013816,0.1809812486171722,0.9767306447029114,0.1247397735714912,0.0942755043506622,0.0526000410318374,0.9756704568862916,0.1732234805822372,0.16713947057724,0.7918441295623779,0.963372766971588,0.1632760465145111,0.988464057445526,0.047304693609476,0.9735507965087892,0.1394442915916443,0.9594598412513732,0.9798831343650818,0.1296877861022949,0.0945352837443351,0.0978394001722335,0.3506382703781128
turtle,0.0757922530174255,0.9259539842605592,0.2893297374248504,0.0216622129082679,0.9554349184036256,0.0513355433940887,0.0251607112586498,0.9638115167617798,0.9854368567466736,0.9759896993637084,0.3794714510440826,0.2718618810176849,0.93870210647583,0.961341917514801,0.1316495984792709,0.0224242638796567,0.8758513331413269,0.052804697304964,0.2816928625106811,0.980005145072937,0.078606940805912,0.3778108358383178,0.8035211563110352,0.2316947877407074,0.2002941519021988,0.0746903046965599,0.0570130497217178,0.2024138867855072,0.0498326569795608,0.1766671985387802,0.1334684193134308,0.0333128608763217,0.9836623072624208,0.80340975522995,0.9846248626708984,0.9891875386238098,0.0893848091363906,0.1880599409341812,0.1051008775830268,0.971430242061615,0.9914345741271972,0.1024273484945297,0.9920417666435242,0.9469234943389891,0.8084827065467834,0.3380496203899383,0.8102797269821167,0.1118804439902305,0.9529539942741394,0.0563872046768665,0.2943675816059112,0.9844008088111876,0.1047675833106041,0.293059229850769,0.2547787129878998,0.2550576627254486,0.9660674333572388,0.5174842476844788,0.9136374592781068,0.9732113480567932,0.174202024936676,0.0945502147078514,0.1927311420440673,0.071517638862133
can_opener,0.019389234483242,0.0384346507489681,0.0348357036709785,0.0790411531925201,0.0215167421847581,0.9923723936080932,0.0654889941215515,0.968904197216034,0.0901747420430183,0.964566707611084,0.0607299730181694,0.0262826960533857,0.1613521426916122,0.9829166531562804,0.0263796634972095,0.0347452759742736,0.9699584245681764,0.0549548715353012,0.0390325300395488,0.1237569749355316,0.1769815683364868,0.0391762740910053,0.0316603668034076,0.023050082847476,0.0769268199801445,0.2712820470333099,0.0227468367666006,0.0649208351969719,0.2125421613454818,0.0278177186846733,0.0310208331793546,0.2024773210287094,0.7047390937805176,0.0670385360717773,0.2317703813314438,0.0565792396664619,0.7574614882469177,0.059156410396099,0.0680945664644241,0.9352903366088868,0.0555361062288284,0.0284116175025701,0.6178147792816162,0.4670578837394714,0.0300386399030685,0.981717586517334,0.0274448823183774,0.6248952746391296,0.946929395198822,0.98907870054245,0.7586621642112732,0.0523616522550582,0.0555090643465518,0.9877991676330566,0.0117719722911715,0.0521163865923881,0.9876154661178588,0.0317019522190094,0.0367802269756794,0.9135229587554932,0.4794760346412658,0.5363881587982178,0.5958127379417419,0.0495273135602474
plate,0.0300356075167655,0.861484169960022,0.9721490740776062,0.0269660260528326,0.0375621579587459,0.3279370665550232,0.1850853264331817,0.0152417346835136,0.2857702672481537,0.9865841269493104,0.5431946516036987,0.0434095077216625,0.0483932606875896,0.9884489178657532,0.0432941801846027,0.1245893985033035,0.038918636739254,0.0263377893716096,0.1454459279775619,0.932521402835846,0.9520558714866638,0.0284539684653282,0.0864720344543457,0.0675210952758789,0.13042813539505,0.2573389410972595,0.0527366437017917,0.7646879553794861,0.1315323263406753,0.0542123243212699,0.1116872280836105,0.0931974053382873,0.0426632054150104,0.0349420830607414,0.111219123005867,0.5131932497024536,0.1196721196174621,0.5479482412338257,0.0260743163526058,0.9380733370780944,0.2044928967952728,0.817937970161438,0.1283633559942245,0.0256296638399362,0.9947669506072998,0.468595027923584,0.9925611615180968,0.0155253140255808,0.0687483698129654,0.9244636297225952,0.0810765102505683,0.0460491515696048,0.9964152574539183,0.0489799305796623,0.0981326326727867,0.2789829671382904,0.9868789315223694,0.0738627016544342,0.0702925026416778,0.7702792286872864,0.0249461140483617,0.0192356035113334,0.0250498540699481,0.0193737465888261
toaster,0.0410846434533596,0.0869606286287307,0.0487914010882377,0.0173492897301912,0.8684511780738831,0.0717679485678672,0.0280194785445928,0.0228790752589702,0.1318106204271316,0.9769589304924012,0.7096598744392395,0.0227001626044511,0.09770517796278,0.9741564393043518,0.0707530379295349,0.0330062732100486,0.0486315451562404,0.088636390864849,0.21320241689682,0.0189581122249364,0.2856343388557434,0.4364472031593323,0.055591195821762,0.6626308560371399,0.9814746379852296,0.3364846706390381,0.0264635756611824,0.7419669032096863,0.0380228124558925,0.0631667375564575,0.0872110500931739,0.5896012783050537,0.09296665340662,0.0295968223363161,0.0385008193552494,0.7720435857772827,0.5559617877006531,0.0617116093635559,0.0286032892763614,0.0294260047376155,0.0193181559443473,0.9800536036491394,0.0273165684193372,0.0352658629417419,0.1472888141870498,0.1087511852383613,0.0619786120951175,0.0587212853133678,0.1005208566784858,0.1026157438755035,0.060277946293354,0.1131282076239585,0.067084901034832,0.995614528656006,0.0136296804994344,0.1487123519182205,0.056829210370779,0.9940298795700072,0.0757027715444564,0.0748538076877594,0.9942750334739684,0.98747456073761,0.1968058049678802,0.3918583691120147
bottle,0.2564641535282135,0.0239214804023504,0.0217262189835309,0.0319501087069511,0.0473215878009796,0.0334045328199863,0.0145170735195279,0.1506693810224533,0.0290562659502029,0.9884732365608216,0.9815990328788756,0.1000653132796287,0.1004524976015091,0.9886304140090942,0.0293668415397405,0.3923686444759369,0.0417291447520256,0.0419298335909843,0.0185027047991752,0.0638342499732971,0.0360618904232978,0.6599627137184143,0.1586149185895919,0.0303236898034811,0.0944483801722526,0.0203486774116754,0.0262333806604146,0.2158678919076919,0.0578014552593231,0.0230290126055479,0.6417373418807983,0.6064943075180054,0.1629338264465332,0.0420196317136287,0.1143372803926467,0.1431771665811538,0.0663316622376442,0.3191891312599182,0.0334568284451961,0.4613472521305084,0.0765387862920761,0.0540054552257061,0.049631368368864,0.0814096853137016,0.0219984147697687,0.2620210647583008,0.9905967712402344,0.0421756617724895,0.4156864881515503,0.0871606767177581,0.7983870506286621,0.979422092437744,0.3782395720481872,0.037985548377037,0.041091114282608,0.0326576307415962,0.9327424168586732,0.407344102859497,0.1950983107089996,0.987049162387848,0.8560674786567688,0.0273375902324914,0.9892780780792236,0.0266903117299079
stove,0.989120364189148,0.030343972146511,0.0710462555289268,0.1893163174390792,0.0220660511404275,0.0960690826177597,0.0184290129691362,0.0235755909234285,0.0181172620505094,0.9921363592147828,0.6505393981933594,0.0906193405389785,0.0502832494676113,0.992049515247345,0.04181844368577,0.9582733511924744,0.0125177074223756,0.0318622104823589,0.1420745998620987,0.0295911263674497,0.421745091676712,0.987968683242798,0.1875543743371963,0.0638202577829361,0.093915656208992,0.0647147744894027,0.0396319404244422,0.063643179833889,0.0649808794260025,0.0484337955713272,0.04006277769804,0.1353095024824142,0.9848697185516356,0.0993138253688812,0.0268146395683288,0.0362729616463184,0.0797429382801055,0.019855173304677,0.0695277377963066,0.1051359549164772,0.0271196812391281,0.9689379930496216,0.6853556632995605,0.0221387837082147,0.2311520278453827,0.0416287183761596,0.0214276202023029,0.0237881168723106,0.0577618405222892,0.0816745907068252,0.1041620820760726,0.042921595275402,0.0251954793930053,0.1857523173093795,0.982710897922516,0.1481015682220459,0.0159792639315128,0.0188890825957059,0.2858050167560577,0.0249653123319149,0.0472724847495555,0.679543137550354,0.0309078935533761,0.0268522668629884
fridge,0.979162096977234,0.0728695318102836,0.2838313281536102,0.0440059043467044,0.0208809748291969,0.015858044847846,0.1644740998744964,0.0259865000844001,0.2689754664897918,0.9846451878547668,0.0812383815646171,0.6490585803985596,0.2478891909122467,0.7528694272041321,0.0371644832193851,0.046819943934679,0.0148832388222217,0.0322018899023532,0.0328609831631183,0.034190148115158,0.026577029377222,0.9828185439109802,0.2423222213983535,0.016686275601387,0.3309210240840912,0.0473450496792793,0.0192369651049375,0.0601453445851802,0.0168481357395648,0.0179216489195823,0.0881698727607727,0.0599009655416011,0.0619584135711193,0.0245761815458536,0.0415974706411361,0.9515823125839232,0.9859281778335572,0.8297197818756104,0.1220218688249588,0.0234067942947149,0.0491347424685955,0.0438625812530517,0.0394017212092876,0.259113997220993,0.9829176068305968,0.0563661865890026,0.1672520041465759,0.1599818915128708,0.0335287749767303,0.0686505958437919,0.8886440396308899,0.2323429435491562,0.9635339975357056,0.9942684173583984,0.9757837653160096,0.0402101911604404,0.2623037993907928,0.1906237602233886,0.0255301352590322,0.9921703934669496,0.0973826795816421,0.0519707091152668,0.0340378955006599,0.021464355289936
glass,0.0200979392975568,0.0172820594161748,0.0199999324977397,0.0208674818277359,0.0527219697833061,0.0282495245337486,0.0155762899667024,0.1565979272127151,0.0251387823373079,0.9844043850898744,0.0995484888553619,0.0292378570884466,0.8511632680892944,0.9830386638641356,0.0432665646076202,0.0903858914971351,0.0353394635021686,0.0199965760111808,0.0121505120769143,0.0304532311856746,0.3090547323226928,0.0462375730276107,0.0371901206672191,0.023473422974348,0.6164302825927734,0.4105650186538696,0.0167085975408554,0.0236453991383314,0.1703491657972335,0.0211274158209562,0.078700378537178,0.930345892906189,0.0211753714829683,0.068753995001316,0.8010377883911133,0.0263298545032739,0.6492435932159424,0.0110573060810565,0.1647452563047409,0.9840874075889589,0.0222527589648962,0.155232697725296,0.0717107951641082,0.0131038576364517,0.0358427166938781,0.0230378974229097,0.987944483757019,0.4360609948635101,0.5629616975784302,0.2901856005191803,0.4852306842803955,0.0141464155167341,0.9808711409568788,0.0179685726761817,0.0208477564156055,0.0786433145403862,0.992913544178009,0.0419806167483329,0.0264003034681081,0.1038037911057472,0.0558001510798931,0.1908276975154876,0.9894186854362488,0.0377353131771087
towel,0.0568833276629447,0.1413130760192871,0.0071865990757942,0.1428260058164596,0.0141758304089307,0.9618978500366212,0.0143645824864506,0.0408566184341907,0.5179786086082458,0.992719292640686,0.0411225706338882,0.0345572121441364,0.6090681552886963,0.9895796179771424,0.0250455327332019,0.0137114869430661,0.1452218443155288,0.9749668836593628,0.0430950447916984,0.0775240957736969,0.075669378042221,0.5105665922164917,0.0212162770330905,0.0401151180267334,0.1067371442914009,0.7204338908195496,0.0310479775071144,0.0220200605690479,0.2661767601966858,0.0153995025902986,0.0185228921473026,0.0520409531891346,0.0545640774071216,0.3671991229057312,0.400791198015213,0.0349827520549297,0.0312614515423774,0.2574979960918426,0.0589982159435749,0.0348623692989349,0.0417346358299255,0.0397187769412994,0.0453950874507427,0.0089755794033408,0.9961859583854676,0.1971764862537384,0.0545967668294906,0.0299388766288757,0.982412576675415,0.0418042913079261,0.0111214984208345,0.045469120144844,0.986413598060608,0.0274474155157804,0.3437891602516174,0.0150825213640928,0.9504887461662292,0.0279669370502233,0.9159563779830932,0.1742864996194839,0.0095537081360816,0.0070036794058978,0.6920976042747498,0.0474749691784381
kettle,0.0159017350524663,0.0749095007777214,0.0157397836446762,0.7987692952156067,0.0309920366853475,0.0197084192186594,0.0540713258087635,0.9699960350990297,0.0586963035166263,0.9858783483505248,0.3991392850875854,0.0277388077229261,0.0245761964470148,0.9915831685066224,0.4653830826282501,0.081169843673706,0.0472062826156616,0.0182132627815008,0.0274272728711366,0.017254676669836,0.3921683430671692,0.0121473483741283,0.332621157169342,0.072193868458271,0.9873042702674866,0.8068832159042358,0.0092361532151699,0.8590995669364929,0.1207105964422226,0.0545395240187644,0.0438268184661865,0.6905084848403931,0.0353780798614025,0.923738420009613,0.0537594370543956,0.1429528146982193,0.018801549449563,0.0349239967763423,0.0207990426570177,0.3118502795696258,0.974624514579773,0.0809544473886489,0.0256612617522478,0.0715322121977806,0.0857373848557472,0.0178895182907581,0.0638272315263748,0.0345799103379249,0.0208052080124616,0.1404852718114853,0.967847466468811,0.0341938026249408,0.0426340326666832,0.0131697561591863,0.0339262224733829,0.1124820411205291,0.9929201006889344,0.0469587408006191,0.0237754639238119,0.6588417887687683,0.0092108752578496,0.8664119243621826,0.0757171511650085,0.0123066334053874
whisk,0.1248586550354957,0.0269414968788623,0.3591634333133697,0.0435560196638107,0.111262135207653,0.9884570240974426,0.1508697122335434,0.98334002494812,0.0212753061205148,0.9537022709846495,0.1310817152261734,0.6997619867324829,0.0267193876206874,0.9703139662742616,0.0608812905848026,0.506807267665863,0.3723235726356506,0.5135860443115234,0.0255346093326807,0.882158100605011,0.9845853447914124,0.9300497770309448,0.0207666587084531,0.411853164434433,0.9749847650527954,0.0342555157840251,0.0916489511728286,0.0424887053668499,0.015228115953505,0.0414540506899356,0.0366903617978096,0.2554825246334076,0.2277643382549286,0.0639426857233047,0.1640955358743667,0.0399868711829185,0.0288896933197975,0.1659843474626541,0.0161814577877521,0.9334200620651244,0.6538360714912415,0.0456695593893528,0.9916654229164124,0.0129569703713059,0.978488564491272,0.0451788008213043,0.0302961878478527,0.0326218493282794,0.0340775810182094,0.1499159783124923,0.0235635694116354,0.0313148908317089,0.0972606390714645,0.1537598520517349,0.5072124004364014,0.0343598760664463,0.3153022527694702,0.0481805838644504,0.0375729352235794,0.8774144053459167,0.0771478563547134,0.980504035949707,0.0335156954824924,0.0205964036285877
percolator,0.9891720414161682,0.0370997004210948,0.059833139181137,0.0585316307842731,0.0198040138930082,0.0918768197298049,0.4326623082160949,0.0353664569556713,0.1782017052173614,0.9029958844184875,0.2981667220592499,0.0196584593504667,0.0336892381310462,0.98525071144104,0.0207607541233301,0.980546772480011,0.0549586862325668,0.028829425573349,0.0222933255136013,0.051805306226015,0.02150209993124,0.0167705360800027,0.7545453310012817,0.0178050473332405,0.0345732755959034,0.0406994111835956,0.0312621891498565,0.0283972304314374,0.0125019326806068,0.0204604975879192,0.033929131925106,0.9904572367668152,0.0364901199936866,0.9939557909965516,0.0311722159385681,0.9784281849861144,0.0388241820037364,0.1602581590414047,0.3779273331165313,0.0649455934762954,0.3817853331565857,0.0693570002913475,0.7102519273757935,0.0223247352987527,0.0461401343345642,0.0377804413437843,0.0737035796046257,0.0380554683506488,0.1927838921546936,0.7848725318908691,0.9761433601379396,0.0817299038171768,0.1293704509735107,0.9954925775527954,0.0277506746351718,0.048918817192316,0.572778046131134,0.8872479200363159,0.2144525647163391,0.1662907153367996,0.0305696055293083,0.9839510917663574,0.0465328991413116,0.0124914404004812
bowl,0.0252078063786029,0.0331065692007541,0.0249863192439079,0.0242218058556318,0.0285680275410413,0.9075334072113036,0.0326329134404659,0.0402012318372726,0.9940862655639648,0.0207560341805219,0.937949538230896,0.0483097247779369,0.9588134288787842,0.0180304534733295,0.941620707511902,0.054997619241476,0.0122481733560562,0.0300833024084568,0.0087091531604528,0.9900051951408386,0.9833356142044068,0.040353950113058,0.1382262110710144,0.0240129884332418,0.0722104012966156,0.9936005473136902,0.0183039754629135,0.0232549384236335,0.0220589321106672,0.0150675261393189,0.1507271528244018,0.0396753214299678,0.0292284172028303,0.0420707166194915,0.0390104763209819,0.0316056236624717,0.5666887164115906,0.027687806636095,0.046515267342329,0.0197621826082468,0.3020735681056976,0.6295852661132812,0.0291503760963678,0.0129345040768384,0.0106583973392844,0.0346226505935192,0.0121064567938447,0.0186307840049266,0.0175407566130161,0.0652694404125213,0.6772527098655701,0.991930902004242,0.0302957911044359,0.2554073333740234,0.0360309407114982,0.0293654147535562,0.0176053140312433,0.0602011680603027,0.0434050932526588,0.9619953632354736,0.1483479291200637,0.9443991780281068,0.0123618999496102,0.0174604710191488
spoon,0.1735365837812423,0.0304279047995805,0.0258004963397979,0.0368752516806125,0.0341378562152385,0.8415634036064148,0.1909670531749725,0.9919939041137696,0.0287292767316102,0.969971776008606,0.0864799842238426,0.7784586548805237,0.0321563184261322,0.5928606390953064,0.0241492483764886,0.0901695266366005,0.0139774205163121,0.0239428952336311,0.0178327038884162,0.1765841096639633,0.8765722513198853,0.0483460538089275,0.0399530753493309,0.0211655274033546,0.1044829487800598,0.0156545042991638,0.0271413158625364,0.0201977994292974,0.2094621211290359,0.210088700056076,0.184417262673378,0.982719659805298,0.0503000319004058,0.1551063954830169,0.0550001673400402,0.1006588190793991,0.818719744682312,0.0651548281311988,0.094701811671257,0.08271324634552,0.3824181258678436,0.0565965771675109,0.2497903704643249,0.1465220600366592,0.9929728507995604,0.0299049075692892,0.9878090620040894,0.0372369661927223,0.5981953144073486,0.992270827293396,0.0322801023721694,0.0462223850190639,0.9942076206207277,0.0179791860282421,0.0249616093933582,0.1773726791143417,0.0962223634123802,0.1243913918733596,0.9844790101051332,0.8621684908866882,0.0468367487192153,0.9905096292495728,0.0340914502739906,0.0320337042212486
microwave_oven,0.9774653911590576,0.0322771593928337,0.2458929419517517,0.1502794325351715,0.076951153576374,0.025514293462038,0.0534703806042671,0.3829616606235504,0.0122013892978429,0.9907777309417723,0.0246837940067052,0.0412277840077877,0.0338115133345127,0.9927473664283752,0.0073685836978256,0.0283959899097681,0.0185860637575387,0.089908592402935,0.5871712565422058,0.0125459134578704,0.0374646335840225,0.9811075925827026,0.9918175339698792,0.262674868106842,0.0812468007206916,0.9895232319831848,0.0408420749008655,0.0215382110327482,0.0315875858068466,0.0723791718482971,0.0547858215868473,0.9904847145080566,0.1898294687271118,0.0551763847470283,0.5133063197135925,0.2918807566165924,0.1726308465003967,0.0643137991428375,0.0480198822915554,0.0339183621108531,0.0170243978500366,0.0154664488509297,0.0205412823706865,0.1090699583292007,0.0237182285636663,0.368302583694458,0.4948599636554718,0.338976502418518,0.0823516920208931,0.0977819934487342,0.4908351302146911,0.0240557231009006,0.0811996832489967,0.9913135170936584,0.30696901679039,0.2021500617265701,0.0237647965550422,0.0863988026976585,0.0112453456968069,0.7475483417510986,0.4506885409355163,0.3062000870704651,0.0241844225674867,0.0452473647892475
mixer,0.7643535733222961,0.210948571562767,0.0160707309842109,0.0159746371209621,0.0988881140947341,0.9959492683410645,0.096872866153717,0.9332979321479796,0.085352636873722,0.9704426527023317,0.5436205863952637,0.025611076503992,0.902953326702118,0.9859867691993712,0.0278523117303848,0.0203215237706899,0.0174331218004226,0.0842106416821479,0.0171640180051326,0.6355140805244446,0.96689110994339,0.0341437086462974,0.8166545033454895,0.0474477671086788,0.3484579026699066,0.1433192044496536,0.1805475652217865,0.0196520667523145,0.0158674158155918,0.4084419310092926,0.1612881571054458,0.9781436920166016,0.0283256620168685,0.1572301834821701,0.0235810559242963,0.2725215554237366,0.1382862031459808,0.0643049180507659,0.0129585862159729,0.0595267862081527,0.0153902499005198,0.0154018169268965,0.1000154018402099,0.0372236184775829,0.1117704436182975,0.2869203090667724,0.0443812720477581,0.5335630178451538,0.0747589096426963,0.0448963269591331,0.1827189326286316,0.1319870352745056,0.4249136447906494,0.9948793649673462,0.9862970113754272,0.0335239544510841,0.0238828118890523,0.0704486221075058,0.0685580894351005,0.0229671485722064,0.0246860291808843,0.935241997241974,0.3809283971786499,0.0512242428958416
nutcracker,0.2352809756994247,0.0433094277977943,0.6528337597846985,0.9407381415367126,0.1692501008510589,0.9930363297462464,0.0117206936702132,0.0849353596568107,0.4207617044448852,0.9817101359367372,0.0320868417620658,0.0712585598230362,0.4008122682571411,0.893162190914154,0.031471874564886,0.5986254811286926,0.9929428100585938,0.0334367267787456,0.0206259246915578,0.6865422129631042,0.0562484934926033,0.0234746765345335,0.0698633715510368,0.0638196989893913,0.9866443276405334,0.0240896008908748,0.0390583835542202,0.9409865140914916,0.0212734006345272,0.0178001709282398,0.0404666885733604,0.8951895236968994,0.0352781973779201,0.0555788427591323,0.0232183057814836,0.1658476442098617,0.0349720977246761,0.0436383746564388,0.0609108135104179,0.9525134563446044,0.0619846731424331,0.0698811039328575,0.0758644640445709,0.0445854887366294,0.0388630367815494,0.0743415504693985,0.3899936079978943,0.0951506197452545,0.0380861237645149,0.0862918570637703,0.0547601208090782,0.0518114864826202,0.0415222868323326,0.949977159500122,0.0250427108258008,0.0372746624052524,0.9825738072395324,0.142565369606018,0.0502591282129287,0.9940859079360962,0.1385841965675354,0.9932543635368348,0.8171591758728027,0.0888088941574096
place_mat,0.0533237792551517,0.0123249748721718,0.2072611451148986,0.0135826161131262,0.0703551992774009,0.8457654714584351,0.0130239892750978,0.0114280311390757,0.0678308308124542,0.9821881651878356,0.0219853688031435,0.0198648739606142,0.030756389722228,0.9828784465789796,0.0156084215268492,0.0592856481671333,0.456848680973053,0.08192640542984,0.3540653884410858,0.0323519445955753,0.0598790347576141,0.0884314477443695,0.0119442380964756,0.0265737492591142,0.0171715579926967,0.2318509370088577,0.0379056558012962,0.9214735627174376,0.1361814141273498,0.0154911410063505,0.0178803391754627,0.050229612737894,0.0297237895429134,0.0141527727246284,0.9718504548072816,0.0277254898101091,0.0483896471560001,0.9873895645141602,0.0399058796465396,0.1148556470870971,0.992133617401123,0.4167635440826416,0.6998217105865479,0.0173153672367334,0.9852213263511658,0.7994690537452698,0.1959619224071502,0.0499989427626132,0.865548312664032,0.9730262160301208,0.0300484225153923,0.1413062661886215,0.9879265427589417,0.2121143043041229,0.0150433359667658,0.0257493201643228,0.8379323482513428,0.0332047753036022,0.023891270160675,0.1286086589097976,0.0341957882046699,0.024045817553997,0.986401379108429,0.0203068200498819
oven,0.989120364189148,0.030343972146511,0.0710462555289268,0.1893163174390792,0.0220660511404275,0.0960690826177597,0.0184290129691362,0.0235755909234285,0.0181172620505094,0.9921363592147828,0.6505393981933594,0.0906193405389785,0.0502832494676113,0.992049515247345,0.04181844368577,0.9582733511924744,0.0125177074223756,0.0318622104823589,0.1420745998620987,0.0295911263674497,0.421745091676712,0.987968683242798,0.1875543743371963,0.0638202577829361,0.093915656208992,0.0647147744894027,0.0396319404244422,0.063643179833889,0.0649808794260025,0.0484337955713272,0.04006277769804,0.1353095024824142,0.9848697185516356,0.0993138253688812,0.0268146395683288,0.0362729616463184,0.0797429382801055,0.019855173304677,0.0695277377963066,0.1051359549164772,0.0271196812391281,0.9689379930496216,0.6853556632995605,0.0221387837082147,0.2311520278453827,0.0416287183761596,0.0214276202023029,0.0237881168723106,0.0577618405222892,0.0816745907068252,0.1041620820760726,0.042921595275402,0.0251954793930053,0.1857523173093795,0.982710897922516,0.1481015682220459,0.0159792639315128,0.0188890825957059,0.2858050167560577,0.0249653123319149,0.0472724847495555,0.679543137550354,0.0309078935533761,0.0268522668629884
pan,0.8786178231239319,0.0515136234462261,0.9312907457351683,0.0388695113360881,0.0196517240256071,0.0318848676979541,0.0111246621236205,0.9954468607902528,0.0937231332063674,0.9905747771263124,0.025786155834794,0.2711856067180633,0.047231987118721,0.9838159680366516,0.0511175841093063,0.0363882854580879,0.0703953951597213,0.1029349714517593,0.2331617027521133,0.1135960444808006,0.7505651712417603,0.0696418732404708,0.0287163518369197,0.0844333916902542,0.0450580418109893,0.0264697074890136,0.0458439402282238,0.2144696116447448,0.033578123897314,0.0208225548267364,0.0247256271541118,0.2803748548030853,0.4546973705291748,0.9671419262886048,0.946429431438446,0.0208785813301801,0.0650877282023429,0.2936692535877228,0.2576962411403656,0.5431694388389587,0.0154219754040241,0.0511130280792713,0.0278218314051628,0.0470166690647602,0.0336198657751083,0.3158831894397735,0.1253363043069839,0.0237289797514677,0.0679734796285629,0.0412661209702491,0.0181848090142011,0.0766243860125541,0.9837816953659058,0.1524066030979156,0.2748544216156006,0.0363205038011074,0.9891373515129088,0.1178565919399261,0.0250573493540287,0.0317845344543457,0.9737589359283448,0.9953403472900392,0.0501825250685215,0.1005783900618553
pot,0.0437057502567768,0.9651402235031128,0.9639341235160828,0.0969936251640319,0.1920900344848632,0.0097703775390982,0.0914752036333084,0.9772011041641236,0.0303685460239648,0.9858139157295228,0.0468845143914222,0.0601287558674812,0.0229429528117179,0.9848618507385254,0.019375717267394,0.1881186217069625,0.0302809011191129,0.0449635349214077,0.6389371156692505,0.0166932251304388,0.7888063788414001,0.0502383634448051,0.4557394981384277,0.0570770725607872,0.024843854829669,0.0608021505177021,0.0368205718696117,0.3166631162166595,0.0188661608844995,0.1002238020300865,0.0488107353448867,0.9746273756027222,0.2056038081645965,0.3553440868854522,0.5821966528892517,0.3893246650695801,0.0699837207794189,0.0307186506688594,0.9095531702041626,0.0184756889939308,0.0308225937187671,0.9640440344810486,0.0230799727141857,0.1639537662267685,0.0475000962615013,0.0459395572543144,0.031021486967802,0.0452357493340969,0.0134621057659387,0.0231683459132909,0.05149582400918,0.0408691503107547,0.0402998998761177,0.0384997688233852,0.928287386894226,0.7525129914283752,0.9819127321243286,0.1507223397493362,0.0185317359864711,0.4074354469776153,0.0291926003992557,0.9867238402366638,0.0121507188305258,0.018443064764142
grater,0.7176281213760376,0.0555552616715431,0.0508173331618309,0.0446233786642551,0.0233688596636056,0.9841387867927552,0.0095817279070615,0.2207831740379333,0.0331320539116859,0.9934856295585632,0.0188574902713298,0.038139134645462,0.0492900349199771,0.9932520985603333,0.0128509774804115,0.0952322036027908,0.8731400370597839,0.1910307556390762,0.8211429715156555,0.1133763492107391,0.0335762724280357,0.2639746069908142,0.2040930092334747,0.0349681563675403,0.7553988695144653,0.913463056087494,0.3377589881420135,0.0405295677483081,0.4529116749763489,0.1449708193540573,0.1025316417217254,0.9790306687355042,0.0292217768728733,0.1328138709068298,0.1190231665968895,0.1851372867822647,0.6515531539916992,0.1761613637208938,0.0303526148200035,0.0700621902942657,0.0273412223905324,0.1510012745857238,0.9118818640708924,0.031631164252758,0.9828254580497742,0.9903191328048706,0.0709410533308982,0.0203234106302261,0.1853961497545242,0.0984338298439979,0.0247656684368848,0.0512057244777679,0.0927136093378067,0.0463507026433944,0.0501124002039432,0.068023644387722,0.9836268424987792,0.8476793169975281,0.0317481122910976,0.9306530952453612,0.9739945530891418,0.9922450184822084,0.1568562090396881,0.0201875027269125
scissors,0.1017133519053459,0.0410842858254909,0.0568415410816669,0.0356168672442436,0.0265317913144826,0.9466982483863832,0.0350688174366951,0.9562833905220032,0.0202707201242446,0.9870087504386902,0.7241725921630859,0.1997318416833877,0.1075540855526924,0.9890570044517516,0.0214111190289258,0.0379363894462585,0.9007731080055236,0.3976855874061584,0.1846145093441009,0.0381966978311538,0.064321219921112,0.3006696999073028,0.1446898877620697,0.0366392433643341,0.1772315353155136,0.0267271026968956,0.0983357653021812,0.0643080323934555,0.014199286699295,0.1666626185178756,0.0448735989630222,0.9749664068222046,0.0468849390745162,0.0275942310690879,0.0397505685687065,0.7750951051712036,0.9515189528465272,0.062231283634901,0.0423006899654865,0.9895463585853576,0.0331833213567733,0.0485361889004707,0.1880462169647216,0.9841811656951904,0.8876579999923706,0.9816057085990906,0.065109871327877,0.0480413399636745,0.0264702159911394,0.2740299999713897,0.0324007719755172,0.0644546300172805,0.5525116920471191,0.0117329228669404,0.0256912466138601,0.1039685234427452,0.982031226158142,0.266149491071701,0.9596592783927916,0.1459573954343795,0.2152471840381622,0.1016588434576988,0.1921971440315246,0.0342105403542518
apron,0.1250788271427154,0.0803085342049598,0.0336203388869762,0.1549004167318344,0.0172223709523677,0.9846556186676024,0.0268704481422901,0.0710959881544113,0.9879270195961,0.9909335374832152,0.030495498329401,0.1399577856063842,0.471141368150711,0.9908984303474426,0.2622321248054504,0.081031322479248,0.0373110324144363,0.9013264179229736,0.0277289003133773,0.0425647087395191,0.0595629103481769,0.0526480935513973,0.9271154403686525,0.0285579729825258,0.0431397035717964,0.0183557383716106,0.0389202237129211,0.0433537922799587,0.1086492389440536,0.3631496727466583,0.0674517750740051,0.0880573540925979,0.0329107791185379,0.0416823402047157,0.1455061882734298,0.1840844005346298,0.0576847568154335,0.9489640593528748,0.1136855334043502,0.0168333481997251,0.0132999196648597,0.0315021015703678,0.0493875592947006,0.0282437112182378,0.9964093565940856,0.0185765512287616,0.0250840857625007,0.2417091876268386,0.0331707783043384,0.865899384021759,0.0155885126441717,0.2735690176486969,0.386955976486206,0.0238708388060331,0.0595490895211696,0.0723465681076049,0.9851285219192504,0.0313429124653339,0.0978250056505203,0.1440510004758834,0.0149005111306905,0.945852756500244,0.9353919625282288,0.6474924683570862
spatula,0.9776106476783752,0.0204178858548402,0.0338401235640049,0.0216784495860338,0.0536588653922081,0.981131076812744,0.0625107139348983,0.887823760509491,0.9778498411178588,0.9712896347045898,0.0298422873020172,0.0524769388139247,0.3494564890861511,0.8133562207221985,0.1550176590681076,0.1180170178413391,0.0584689192473888,0.0346124991774559,0.1943111568689346,0.7033234238624573,0.9751112461090088,0.0415448732674121,0.3416824638843536,0.0155042447149753,0.0493560135364532,0.0508255399763584,0.1733564585447311,0.0986082330346107,0.024866409599781,0.0819247215986251,0.0585668198764324,0.3942616879940033,0.027319349348545,0.4014306366443634,0.0804393962025642,0.2739022970199585,0.0854327082633972,0.0253022387623786,0.3763138353824615,0.2427550852298736,0.4871712028980255,0.0737108439207077,0.993738293647766,0.0711673200130462,0.989779531955719,0.0499256961047649,0.0265313684940338,0.0229971446096897,0.0593761131167411,0.9879305362701416,0.0845410078763961,0.2319784015417099,0.357603907585144,0.0268318820744752,0.0881447345018386,0.4343088567256927,0.8019185066223145,0.0917268693447113,0.0465876497328281,0.9683989882469176,0.0270307995378971,0.9753323197364808,0.9669883847236632,0.0197410676628351
mug,0.0219078827649354,0.3338589370250702,0.6524194478988647,0.0311601366847753,0.5447651743888855,0.0431772582232952,0.0396476536989212,0.032569583505392,0.8493236303329468,0.991715371608734,0.3226356506347656,0.124553844332695,0.0224740169942379,0.987752079963684,0.0366877280175685,0.4160090088844299,0.0716592743992805,0.0265971813350915,0.2192505300045013,0.0662727057933807,0.639787495136261,0.0128020606935024,0.0519745834171772,0.0661237761378288,0.2838035523891449,0.0220576450228691,0.0295074824243783,0.1557255089282989,0.0368624404072761,0.5706401467323303,0.0540823526680469,0.9509239792823792,0.4241503775119781,0.0501138381659984,0.033819705247879,0.5512925386428833,0.0168364737182855,0.0346308574080467,0.0373338274657726,0.0449374131858348,0.1031926795840263,0.2036028057336807,0.9316146969795228,0.0252850167453289,0.7265215516090393,0.41787189245224,0.9894891381263732,0.0176385790109634,0.9782796502113342,0.0855930894613266,0.9498518705368042,0.0292464848607778,0.9928096532821656,0.0247183833271265,0.382680594921112,0.3597311079502105,0.574817419052124,0.0171877332031726,0.0387192778289318,0.0802293941378593,0.0176245719194412,0.0270824413746595,0.0687963888049125,0.0147818801924586
teaspoon,0.1256099343299865,0.1057228669524192,0.0314169824123382,0.0511391870677471,0.0678557977080345,0.922901690006256,0.066953919827938,0.4649898111820221,0.1307864785194397,0.982650101184845,0.1572881340980529,0.2234680503606796,0.1803947240114212,0.9628397226333618,0.3667763471603393,0.0755775272846221,0.0299337320029735,0.1553047597408294,0.9671863913536072,0.4149464964866638,0.2466126978397369,0.0510671697556972,0.0560645274817943,0.0795690268278122,0.1350031346082687,0.1436905264854431,0.0475497245788574,0.053997915238142,0.019186170771718,0.0332465730607509,0.0740363523364067,0.9893389344215392,0.1664097756147384,0.6825636625289917,0.177816092967987,0.5558599233627319,0.3196607232093811,0.0860729962587356,0.9470669627189636,0.3434343636035919,0.055092517286539,0.1527521014213562,0.968046486377716,0.0355308800935745,0.9932339787483216,0.0569934882223606,0.9775177836418152,0.0796687826514244,0.951166331768036,0.9844611287117004,0.0971963331103324,0.0968943536281585,0.9931185245513916,0.0736485943198204,0.046734295785427,0.048783142119646,0.9494646191596984,0.0815151333808898,0.3422772884368896,0.0461018793284893,0.986491858959198,0.9754098057746888,0.108775720000267,0.0467930324375629
colander,0.3058899939060211,0.0180911179631948,0.0215905588120222,0.0301682744175195,0.777493953704834,0.2628414034843445,0.0328462235629558,0.461060881614685,0.0446509197354316,0.9782564640045166,0.9789531230926514,0.0408251136541366,0.1901542097330093,0.9881779551506042,0.0266963932663202,0.2084145098924636,0.9612160325050354,0.3002460896968841,0.1913513988256454,0.0583975426852703,0.3339817225933075,0.0385216102004051,0.1480025798082351,0.0289169326424598,0.0533815436065197,0.6676793694496155,0.0413369163870811,0.0358699485659599,0.0212237369269132,0.1494816541671753,0.121403120458126,0.98538339138031,0.4866250455379486,0.1502291113138198,0.9797350168228148,0.8259485960006714,0.0288717336952686,0.0198613181710243,0.2190201878547668,0.1163195818662643,0.9929943680763244,0.0745710060000419,0.9945335388183594,0.3716348111629486,0.9920879006385804,0.0291265901178121,0.1062535792589187,0.1110090315341949,0.1044249162077903,0.0628674030303955,0.1284485608339309,0.0341820083558559,0.4692823588848114,0.3486337661743164,0.0562371090054512,0.3480616509914398,0.9645629525184632,0.9408461451530457,0.0916617959737777,0.9801352620124816,0.0306041128933429,0.6923761367797852,0.1351962685585022,0.0270732324570417
fork,0.0484963357448577,0.0366829112172126,0.0868540704250335,0.5330050587654114,0.356173574924469,0.9903795719146729,0.0317328870296478,0.9063925743103028,0.0251688119024038,0.9793061017990112,0.0787380710244178,0.0432519726455211,0.0822789669036865,0.9794194102287292,0.016814624890685,0.5516164302825928,0.0614560917019844,0.062030728906393,0.0390748903155326,0.9376136660575868,0.1604838371276855,0.0321676880121231,0.2304313480854034,0.0864681899547576,0.0403356626629829,0.0757248476147651,0.0325422435998916,0.291922003030777,0.0727690085768699,0.0312921479344368,0.0611015260219574,0.9852651953697203,0.0617817416787147,0.1702463030815124,0.0899253562092781,0.0851633846759796,0.0677235424518585,0.0751117020845413,0.1600265949964523,0.9859029054641724,0.4866861402988434,0.5719807744026184,0.03566724807024,0.0522943921387195,0.9860493540763856,0.0538525320589542,0.0282491762191057,0.2512998580932617,0.7004252672195435,0.044650737196207,0.0684725269675254,0.0302941501140594,0.9830896854400636,0.3792093396186828,0.0729925110936164,0.053645122796297,0.178799882531166,0.5796427130699158,0.8888840675354004,0.0499317087233066,0.3792388141155243,0.9881992340087892,0.6781782507896423,0.052333939820528
electric_kettle,0.9891720414161682,0.0370997004210948,0.059833139181137,0.0585316307842731,0.0198040138930082,0.0918768197298049,0.4326623082160949,0.0353664569556713,0.1782017052173614,0.9029958844184875,0.2981667220592499,0.0196584593504667,0.0336892381310462,0.98525071144104,0.0207607541233301,0.980546772480011,0.0549586862325668,0.028829425573349,0.0222933255136013,0.051805306226015,0.02150209993124,0.0167705360800027,0.7545453310012817,0.0178050473332405,0.0345732755959034,0.0406994111835956,0.0312621891498565,0.0283972304314374,0.0125019326806068,0.0204604975879192,0.033929131925106,0.9904572367668152,0.0364901199936866,0.9939557909965516,0.0311722159385681,0.9784281849861144,0.0388241820037364,0.1602581590414047,0.3779273331165313,0.0649455934762954,0.3817853331565857,0.0693570002913475,0.7102519273757935,0.0223247352987527,0.0461401343345642,0.0377804413437843,0.0737035796046257,0.0380554683506488,0.1927838921546936,0.7848725318908691,0.9761433601379396,0.0817299038171768,0.1293704509735107,0.9954925775527954,0.0277506746351718,0.048918817192316,0.572778046131134,0.8872479200363159,0.2144525647163391,0.1662907153367996,0.0305696055293083,0.9839510917663574,0.0465328991413116,0.0124914404004812
scales,0.9820473194122314,0.1084392145276069,0.1267426460981369,0.1056564450263977,0.0597156919538974,0.9058555364608764,0.0324111022055149,0.0218153595924377,0.7109282612800598,0.987453043460846,0.0663084462285041,0.0756110474467277,0.1575312614440918,0.8342177867889404,0.035004548728466,0.0492684170603752,0.2511943280696869,0.3273443877696991,0.308515727519989,0.0484706833958625,0.95607590675354,0.0321320481598377,0.019715566188097,0.3829085528850555,0.0432303845882415,0.4013810157775879,0.0398017019033432,0.0289335623383522,0.0193909388035535,0.0527158752083778,0.0315967872738838,0.8938853144645691,0.1834760457277298,0.0782718509435653,0.9672166109085084,0.066962145268917,0.0364404618740081,0.9638117551803588,0.0763148590922355,0.0571724064648151,0.029156157746911,0.6779794096946716,0.9598870277404784,0.0225558299571275,0.98496013879776,0.1400143057107925,0.9591359496116638,0.0298766158521175,0.0686636865139007,0.085696280002594,0.1049761697649955,0.094198428094387,0.0252808239310979,0.9953646659851074,0.0418877527117729,0.0300665087997913,0.3069166541099548,0.4847172498703003,0.127626895904541,0.0790184885263443,0.3856521248817444,0.9603950381278992,0.0517730116844177,0.0735323950648307
wok,0.0437057502567768,0.9651402235031128,0.9639341235160828,0.0969936251640319,0.1920900344848632,0.0097703775390982,0.0914752036333084,0.9772011041641236,0.0303685460239648,0.9858139157295228,0.0468845143914222,0.0601287558674812,0.0229429528117179,0.9848618507385254,0.019375717267394,0.1881186217069625,0.0302809011191129,0.0449635349214077,0.6389371156692505,0.0166932251304388,0.7888063788414001,0.0502383634448051,0.4557394981384277,0.0570770725607872,0.024843854829669,0.0608021505177021,0.0368205718696117,0.3166631162166595,0.0188661608844995,0.1002238020300865,0.0488107353448867,0.9746273756027222,0.2056038081645965,0.3553440868854522,0.5821966528892517,0.3893246650695801,0.0699837207794189,0.0307186506688594,0.9095531702041626,0.0184756889939308,0.0308225937187671,0.9640440344810486,0.0230799727141857,0.1639537662267685,0.0475000962615013,0.0459395572543144,0.031021486967802,0.0452357493340969,0.0134621057659387,0.0231683459132909,0.05149582400918,0.0408691503107547,0.0402998998761177,0.0384997688233852,0.928287386894226,0.7525129914283752,0.9819127321243286,0.1507223397493362,0.0185317359864711,0.4074354469776153,0.0291926003992557,0.9867238402366638,0.0121507188305258,0.018443064764142
sieve,0.0181907061487436,0.1955417096614837,0.6589613556861877,0.044014886021614,0.2856579422950744,0.9793857336044312,0.0077769039198756,0.4940986931324005,0.0778235420584678,0.9577898383140564,0.1521387547254562,0.0290859416127204,0.0412180498242378,0.9779190421104432,0.0275189094245433,0.0253070648759603,0.1363813579082489,0.1205729022622108,0.1584685295820236,0.0528273843228817,0.9819207787513732,0.023383866995573,0.0403238907456398,0.0286368299275636,0.5514792203903198,0.051584243774414,0.1453819721937179,0.0721019506454467,0.0266441591084003,0.0275774113833904,0.1727029681205749,0.9868826270103456,0.0587636455893516,0.5673348307609558,0.992424249649048,0.7173762917518616,0.0533549822866916,0.1517646014690399,0.9614588022232056,0.021721988916397,0.9617440104484558,0.0667511671781539,0.9935252666473388,0.4820652306079864,0.9768696427345276,0.0456321686506271,0.0627364367246627,0.2998853027820587,0.0644889399409294,0.036048125475645,0.3578709959983825,0.0315205752849578,0.0370736382901668,0.5065605044364929,0.0422329306602478,0.0514322556555271,0.9885254502296448,0.0602675750851631,0.0268581937998533,0.9897086024284364,0.1389862298965454,0.4399457275867462,0.2402786463499069,0.2433122992515564
bra,0.1024988889694213,0.461031436920166,0.8004454374313354,0.0349805653095245,0.0413944646716117,0.0422504171729087,0.1587439924478531,0.0226753335446119,0.0163208022713661,0.0097126951441168,0.0757786929607391,0.0855443626642227,0.4677408337593078,0.6558290123939514,0.0256972145289182,0.0210372619330883,0.0168028827756643,0.5368000864982605,0.0689838454127311,0.0389546006917953,0.0222706533968448,0.0268725715577602,0.0835078209638595,0.0991205349564552,0.0477642454206943,0.0191826298832893,0.9481565356254578,0.0307003613561391,0.182054653763771,0.978829264640808,0.9800134897232056,0.0151531705632805,0.0392207130789756,0.0275446120649576,0.2771285772323608,0.0429522059857845,0.0499890893697738,0.9817618131637572,0.2207509130239486,0.038711667060852,0.2200637608766555,0.0473462343215942,0.0337554514408111,0.0185497943311929,0.7980405688285828,0.0151619119569659,0.0327779613435268,0.036430437117815,0.0216833278536796,0.0263211447745561,0.0388585664331913,0.071816012263298,0.9965531826019288,0.1519745439291,0.00958520360291,0.0231131762266159,0.6503446102142334,0.0977801606059074,0.0814433842897415,0.037576999515295,0.2489082962274551,0.0861324593424797,0.9810670614242554,0.0169139225035905
blouse,0.0357672795653343,0.0472631752490997,0.1267641931772232,0.039051380008459,0.9908156394958496,0.7131909132003784,0.3021612465381622,0.0122419213876128,0.3554761707782745,0.0497640594840049,0.0174666326493024,0.0264189559966325,0.0545670539140701,0.9776654243469238,0.0069481534883379,0.0185297895222902,0.0150070916861295,0.9850391149520874,0.035914160311222,0.0063036982901394,0.0506680943071842,0.0347963310778141,0.1249171569943428,0.1009326428174972,0.0414182245731353,0.0450404845178127,0.9748165011405944,0.0145581234246492,0.0126994550228118,0.9775099158287048,0.0432299599051475,0.0254360660910606,0.154762253165245,0.0370084047317504,0.0406548231840133,0.0499198138713836,0.842523992061615,0.5761919617652893,0.0239650122821331,0.0638923645019531,0.9548486471176147,0.0230169519782066,0.0451615117490291,0.0102732460945844,0.0130988573655486,0.0369281060993671,0.985551118850708,0.0357141755521297,0.9747469425201416,0.2376264780759811,0.142098382115364,0.0274227503687143,0.0182061232626438,0.9828121066093444,0.0224147923290729,0.1922752559185028,0.0106369126588106,0.0165532156825065,0.009737548418343,0.0062262741848826,0.0188661646097898,0.0072600347921252,0.9850992560386658,0.0126914754509925
pants,0.9878560900688172,0.0561909340322017,0.9849541187286376,0.0278500653803348,0.0218419525772333,0.0443120189011096,0.0447762086987495,0.039579190313816,0.0117204235866665,0.0287742484360933,0.4918631613254547,0.0189164169132709,0.8807643055915833,0.0217620991170406,0.0097047956660389,0.2548030614852905,0.0154917668551206,0.944668710231781,0.1357628554105758,0.0150655172765254,0.0266969315707683,0.0750714913010597,0.0450312979519367,0.7476952075958252,0.0310516282916069,0.0228327792137861,0.9166000485420228,0.0665442496538162,0.2003725171089172,0.029468685388565,0.2210271507501602,0.0092524914070963,0.0232357941567897,0.1483615636825561,0.0183425173163414,0.9912772178649902,0.8822327852249146,0.027833079919219,0.0125916525721549,0.0389197580516338,0.2087716162204742,0.037467923015356,0.0236721951514482,0.073843277990818,0.0290566198527812,0.0834574922919273,0.9136234521865844,0.9232645630836488,0.6839166283607483,0.0201737843453884,0.01871426589787,0.0147656248882412,0.1124586686491966,0.0269550494849681,0.0247991289943456,0.1308649778366089,0.0174692366272211,0.0351162962615489,0.0251703299582004,0.0337093472480773,0.4637138545513153,0.0519974306225776,0.5522278547286987,0.96615731716156
tie,0.0684421956539154,0.8466055393218994,0.1761253327131271,0.0288558825850486,0.9762340188026428,0.0500019267201423,0.098263993859291,0.0602307692170143,0.4297086894512176,0.0724932327866554,0.3931837975978851,0.1534238904714584,0.2054114192724228,0.0306186396628618,0.0280234329402446,0.9893875122070312,0.0203352980315685,0.9742689728736876,0.0080456566065549,0.0245117228478193,0.0242642983794212,0.0263487938791513,0.0134756453335285,0.0183374397456645,0.0234991386532783,0.0157116409391164,0.9813640713691713,0.0167918894439935,0.0352304279804229,0.1370031535625457,0.128757819533348,0.0189078357070684,0.0324307642877101,0.0296321716159582,0.1056345105171203,0.6094380617141724,0.0308452248573303,0.0151809128001332,0.3344581127166748,0.9188542366027832,0.0194642860442399,0.0461252257227897,0.008577805943787,0.0284313187003135,0.0201825983822345,0.0153484838083386,0.1295961886644363,0.040734551846981,0.1110345497727394,0.9647079110145568,0.0754721835255622,0.0503323003649711,0.0090935919433832,0.0380342379212379,0.676848292350769,0.6758328080177307,0.9715131521224976,0.0440846905112266,0.0757549628615379,0.0249895583838224,0.0481944605708122,0.9083167910575868,0.970633625984192,0.0567927993834018
shirt,0.2522295713424682,0.9628680944442748,0.428797572851181,0.0350839309394359,0.9774360060691832,0.0738077014684677,0.0466059707105159,0.0262604523450136,0.1830782443284988,0.0392748415470123,0.3880989253520965,0.0312796682119369,0.068890169262886,0.0813951045274734,0.02013267762959,0.1999183595180511,0.0291049554944038,0.9730114340782166,0.9512898325920104,0.0487038381397724,0.0518055632710456,0.266430139541626,0.032717153429985,0.9872430562973022,0.0282404124736785,0.0870115607976913,0.2415938526391983,0.0597697161138057,0.0406403541564941,0.976595103740692,0.042462021112442,0.0471383891999721,0.0641122385859489,0.346342384815216,0.0217227824032306,0.9169849753379822,0.0488579906523227,0.0397592149674892,0.0872634574770927,0.0332733877003192,0.1220073103904724,0.0544770769774913,0.0185522269457578,0.0914421826601028,0.0525415875017643,0.1032685413956642,0.9884832501411438,0.0648801028728485,0.080791026353836,0.0527101047337055,0.0333170443773269,0.0974956601858139,0.0211808811873197,0.858892560005188,0.0325417853891849,0.1339917480945587,0.0183538701385259,0.1169614493846893,0.0849271863698959,0.0305433664470911,0.0811288505792617,0.072131223976612,0.9379702806472778,0.0483132414519786
hat,0.0284158587455749,0.0593337528407573,0.9905551075935364,0.0207620244473218,0.9771447777748108,0.0104609094560146,0.0649682134389877,0.0122959557920694,0.017637001350522,0.0061124856583774,0.0285868272185325,0.0214084405452013,0.0646327435970306,0.0091133313253521,0.0156676042824983,0.303443968296051,0.0104316351935267,0.5848712921142578,0.0437159724533557,0.0100041860714554,0.0649645626544952,0.0127471331506967,0.0205993112176656,0.2209399193525314,0.0080389538779854,0.1097713261842727,0.3078712522983551,0.0934080779552459,0.0161619763821363,0.015400044620037,0.9602240920066832,0.0374734587967395,0.6982671618461609,0.0643140748143196,0.9651328921318054,0.0588799603283405,0.0102116176858544,0.3683766424655914,0.4990145266056061,0.0230989679694175,0.0289433915168046,0.0493303462862968,0.5394480228424072,0.660798192024231,0.04065802693367,0.0122351134195923,0.7676494121551514,0.4349024891853332,0.036995030939579,0.7407715320587158,0.0319393090903759,0.0213458910584449,0.0236026793718338,0.9874117374420166,0.0231930576264858,0.4266263842582702,0.0498041026294231,0.0199905410408973,0.013823795132339,0.0088376300409436,0.020060546696186,0.0192340482026338,0.427436500787735,0.0103293126448988
coat,0.9037581086158752,0.2197527587413787,0.9041928052902222,0.0362610481679439,0.8287559151649475,0.0692899674177169,0.1003994792699813,0.0276898220181465,0.0135346893221139,0.1926055699586868,0.2873096764087677,0.2556680738925934,0.0218908656388521,0.0940791964530944,0.0101903276517987,0.1522679626941681,0.0259089674800634,0.9725486040115356,0.0354297570884227,0.0081904744729399,0.0189135074615478,0.0269763246178627,0.0432352982461452,0.0304121170192956,0.0354774221777915,0.9613240361213684,0.0970930680632591,0.0346948951482772,0.0274594910442829,0.1226381435990333,0.0568019971251487,0.0620623603463172,0.0565079189836978,0.0583488494157791,0.1877927333116531,0.9729324579238892,0.0210839807987213,0.1392876803874969,0.0146201075986027,0.0204269886016845,0.0776373222470283,0.9639468789100648,0.0564480237662792,0.0164454076439142,0.1661534607410431,0.0132374260574579,0.9728851914405824,0.0217996295541524,0.0541757345199584,0.6013801097869873,0.0169970337301492,0.0231369100511074,0.0137087684124708,0.8621220588684082,0.1453666687011718,0.7524024844169617,0.1000090017914772,0.0167824532836675,0.0198351014405488,0.9768459796905518,0.0114581575617194,0.025955494493246,0.9208774566650392,0.011447500437498
jeans,0.9046669006347656,0.0393203534185886,0.9886807203292848,0.0370744131505489,0.0338385254144668,0.122966393828392,0.1879002153873443,0.0470946542918682,0.0971901789307594,0.0476019531488418,0.0218962859362363,0.094830609858036,0.0629446879029274,0.0248688422143459,0.0048035467043519,0.0869002714753151,0.0151013322174549,0.9697569608688354,0.1212745308876037,0.0058903452008962,0.0136571107432246,0.172725424170494,0.9849811792373656,0.0409265235066413,0.060637429356575,0.016073565930128,0.1556924730539322,0.0606899820268154,0.0433018803596496,0.0395812951028347,0.1369233280420303,0.0296415425837039,0.7564000487327576,0.0722533911466598,0.0907076820731163,0.9928041100502014,0.1086065098643302,0.0679058954119682,0.0176393240690231,0.0688498243689537,0.0241233762353658,0.0192439667880535,0.0863297209143638,0.9932530522346495,0.0192093234509229,0.0276304427534341,0.9805597066879272,0.2711477279663086,0.9930478930473328,0.4943005740642547,0.0271888822317123,0.0196101889014244,0.3119008243083954,0.1101268976926803,0.0265794638544321,0.0836770310997963,0.0755962878465652,0.8548157811164856,0.0082127889618277,0.0076929125934839,0.0428804755210876,0.2864080369472503,0.9809904098510742,0.0233829375356435
tracksuit,0.9849337935447692,0.0508904717862606,0.0447269231081008,0.6960163712501526,0.0105676464736461,0.0180800557136535,0.0086749074980616,0.9169846773147584,0.576451301574707,0.0113347247242927,0.0442813970148563,0.0909548476338386,0.2386448234319687,0.0117745632305741,0.080294631421566,0.1177871152758598,0.5636229515075684,0.9862723350524902,0.0375571362674236,0.3458380997180938,0.1390435993671417,0.1367861330509185,0.0463610552251338,0.0423201844096183,0.0185086242854595,0.0360153764486312,0.8836725354194641,0.0329477004706859,0.2772471308708191,0.5830930471420288,0.0209228433668613,0.02698615193367,0.0576369576156139,0.1925505399703979,0.0208925195038318,0.1951120346784591,0.0326261706650257,0.9602303504943848,0.0641407892107963,0.0552801378071308,0.0417301245033741,0.0205704253166914,0.1789935827255249,0.1170918196439743,0.2365149408578872,0.0202577766031026,0.99050372838974,0.0422820523381233,0.9920475482940674,0.0340731851756572,0.0370839312672615,0.0302844550460577,0.047647263854742,0.85714191198349,0.1259388327598571,0.0224413052201271,0.0374408774077892,0.8424713015556335,0.0972177982330322,0.9793822765350342,0.2744901776313782,0.0903849974274635,0.0802976563572883,0.19170843064785
dress,0.0543444529175758,0.008097356185317,0.0808601602911949,0.0314832963049411,0.1886681020259857,0.0564001612365245,0.0175719838589429,0.0096635464578866,0.3543516993522644,0.0123377740383148,0.1021472960710525,0.9609613418579102,0.1106377691030502,0.0052589210681617,0.216674342751503,0.0142840761691331,0.1180858984589576,0.8012309670448303,0.0133269345387816,0.1445897370576858,0.0120134046301245,0.0141014102846384,0.0469740033149719,0.0098140332847833,0.0082428390160202,0.7522173523902893,0.8634113669395447,0.0075971614569425,0.533764123916626,0.9671823978424072,0.9716845154762268,0.0091534946113824,0.0188769679516553,0.0573675483465194,0.012780443765223,0.1130027249455452,0.0126646161079406,0.0135558918118476,0.0116980476304888,0.0281244553625583,0.0555422827601432,0.0884904116392135,0.8090716004371643,0.0144972708076238,0.0355949811637401,0.0521783195436,0.333799809217453,0.0345378704369068,0.928190290927887,0.0210847929120063,0.0114080421626567,0.0618888884782791,0.0047915796749293,0.0172859784215688,0.1760585308074951,0.9973692893981934,0.0262926053255796,0.0119479857385158,0.0292369909584522,0.033192653208971,0.0365775749087333,0.0197726376354694,0.9806808829307556,0.0246296934783458
suit,0.0655211582779884,0.0118824280798435,0.2443717569112777,0.071388341486454,0.8585255742073059,0.014728995040059,0.3257016837596893,0.1469468474388122,0.0284884590655565,0.0270560998469591,0.0260429717600345,0.3243139386177063,0.2157516330480575,0.1762844920158386,0.0150795252993702,0.0464374162256717,0.1332048773765564,0.9471261501312256,0.0212109424173831,0.0380895733833313,0.0241977125406265,0.6481328010559082,0.0988197550177574,0.6097743511199951,0.0383091382682323,0.0290366914123296,0.9719364047050476,0.0244159325957298,0.0634093061089515,0.0367337949573993,0.124731421470642,0.9691136479377748,0.1227475702762603,0.0348774567246437,0.9658980369567872,0.9748611450195312,0.2489893287420272,0.6839282512664795,0.5138710737228394,0.0190123617649078,0.1894789040088653,0.0961332023143768,0.96136474609375,0.0678240358829498,0.0813011825084686,0.1287337988615036,0.0085884612053632,0.0672146081924438,0.972402572631836,0.03990388661623,0.0228891540318727,0.0322305262088775,0.9775199294090272,0.0277256555855274,0.0256773512810468,0.0921796858310699,0.5096026062965393,0.0228875782340765,0.0129883466288447,0.9495790600776672,0.0181938596069812,0.6440225839614868,0.5607680082321167,0.2752791345119476
boots,0.0241658072918653,0.0149883674457669,0.2300950139760971,0.0497061312198638,0.0515183061361312,0.6966339349746704,0.0201382096856832,0.9747064113616944,0.0679997205734252,0.0139675270766019,0.2669603526592254,0.0166552439332008,0.2014223933219909,0.0159293599426746,0.0495472177863121,0.0443267151713371,0.0381320156157016,0.9782477021217346,0.4338130354881286,0.1082546785473823,0.1213568523526191,0.1645659208297729,0.0251832008361816,0.0203662049025297,0.0695320591330528,0.1774317473173141,0.0398029498755931,0.0507378317415714,0.0139588937163352,0.0260769017040729,0.2071059346199035,0.0670303851366043,0.0504224374890327,0.7833224534988403,0.8362418413162231,0.9759631156921388,0.0220615863800048,0.2678781151771545,0.0429675914347171,0.0890117734670639,0.0529963225126266,0.0261320415884256,0.9842495322227478,0.0508914142847061,0.1275223791599273,0.0631173029541969,0.9887036681175232,0.0712162405252456,0.9395304322242736,0.8525962233543396,0.1058331131935119,0.5016917586326599,0.1930706202983856,0.7363420128822327,0.0532607585191726,0.1754600405693054,0.0420771539211273,0.0313537083566188,0.2810262739658355,0.9552051424980164,0.9872275590896606,0.0503759644925594,0.0322893969714641,0.0155945792794227
beanie,0.0284158587455749,0.0593337528407573,0.9905551075935364,0.0207620244473218,0.9771447777748108,0.0104609094560146,0.0649682134389877,0.0122959557920694,0.017637001350522,0.0061124856583774,0.0285868272185325,0.0214084405452013,0.0646327435970306,0.0091133313253521,0.0156676042824983,0.303443968296051,0.0104316351935267,0.5848712921142578,0.0437159724533557,0.0100041860714554,0.0649645626544952,0.0127471331506967,0.0205993112176656,0.2209399193525314,0.0080389538779854,0.1097713261842727,0.3078712522983551,0.0934080779552459,0.0161619763821363,0.015400044620037,0.9602240920066832,0.0374734587967395,0.6982671618461609,0.0643140748143196,0.9651328921318054,0.0588799603283405,0.0102116176858544,0.3683766424655914,0.4990145266056061,0.0230989679694175,0.0289433915168046,0.0493303462862968,0.5394480228424072,0.660798192024231,0.04065802693367,0.0122351134195923,0.7676494121551514,0.4349024891853332,0.036995030939579,0.7407715320587158,0.0319393090903759,0.0213458910584449,0.0236026793718338,0.9874117374420166,0.0231930576264858,0.4266263842582702,0.0498041026294231,0.0199905410408973,0.013823795132339,0.0088376300409436,0.020060546696186,0.0192340482026338,0.427436500787735,0.0103293126448988
cap,0.1384722292423248,0.1276836395263672,0.9372034072875975,0.0253045633435249,0.0175201911479234,0.3143433332443237,0.0153847383335232,0.0525742471218109,0.0357959792017936,0.019699789583683,0.3577988445758819,0.2951404750347137,0.0348975919187068,0.0360177271068096,0.5814905166625977,0.5701813101768494,0.0484587326645851,0.9193938970565796,0.8910936117172241,0.1498043984174728,0.4403833150863647,0.0722825303673744,0.0207603219896554,0.0133405039086937,0.026704641059041,0.0749293938279151,0.260078489780426,0.0362747237086296,0.0268137156963348,0.0132860336452722,0.6357232928276062,0.1490847617387771,0.074543721973896,0.0492066591978073,0.9777767658233644,0.0223190356045961,0.032721359282732,0.9818244576454164,0.1321788430213928,0.5472058653831482,0.6421604156494141,0.0759531036019325,0.9911977648735046,0.0700806528329849,0.9849336743354796,0.0231699496507644,0.9922427535057068,0.0331437587738037,0.8562717437744141,0.1165094301104545,0.0333350896835327,0.0330681726336479,0.0215732920914888,0.1365061849355697,0.0522927232086658,0.0289002321660518,0.0298523921519517,0.0881966724991798,0.0744797438383102,0.1974136233329773,0.0445208027958869,0.380845159292221,0.9818885922431946,0.0200306940823793
pyjamas,0.9256841540336608,0.0481069795787334,0.0262282378971576,0.0669559016823768,0.0327876545488834,0.068590298295021,0.0367695093154907,0.0199545994400978,0.006005035713315,0.0075666354969143,0.065318651497364,0.0267992615699768,0.0102781392633914,0.0157997552305459,0.0290534999221563,0.0363321229815483,0.0469974316656589,0.9088887572288512,0.0697623342275619,0.0281407684087753,0.0953447297215461,0.9456061124801636,0.0370436795055866,0.0346937701106071,0.039979875087738,0.0113572059199213,0.8389171957969666,0.5616357326507568,0.0249601434916257,0.9743212461471558,0.0590296238660812,0.6809133291244507,0.0184959657490253,0.0170279722660779,0.5352179408073425,0.0163518209010362,0.0143350362777709,0.0547027215361595,0.2782193720340729,0.012094447389245,0.0092886323109269,0.0090369526296854,0.0206023901700973,0.3388979136943817,0.032468244433403,0.0258953999727964,0.95803564786911,0.0233610495924949,0.935315489768982,0.0449215471744537,0.0088415443897247,0.0092036547139287,0.5495040416717529,0.0110259279608726,0.0162879470735788,0.0303778164088726,0.0237656142562627,0.3490212559700012,0.3813320398330688,0.9599429965019226,0.021169189363718,0.109595775604248,0.986290156841278,0.0081197414547204
belt,0.0182707738131284,0.0151791526004672,0.9126091003417968,0.0939488187432289,0.250070571899414,0.1754580587148666,0.0653538182377815,0.0479919873178005,0.0129913482815027,0.053334180265665,0.1152778565883636,0.0197382271289825,0.1353040635585785,0.025082254782319,0.0065599475055933,0.0227902606129646,0.0689197555184364,0.982644498348236,0.1320283114910125,0.0079346382990479,0.1227040737867355,0.1180148348212242,0.035827025771141,0.0570869222283363,0.3289738893508911,0.169444128870964,0.0389118939638137,0.1468213945627212,0.037628524005413,0.0207322053611278,0.596981406211853,0.0272001158446073,0.0211481638252735,0.9390831589698792,0.9033504724502563,0.994738757610321,0.0650474652647972,0.5254849791526794,0.0118490383028984,0.0240487847477197,0.7942550182342529,0.018330505117774,0.018750162795186,0.1758284270763397,0.0223609991371631,0.0856309607625007,0.3989899754524231,0.0189968235790729,0.1087374463677406,0.994309663772583,0.0253092981874942,0.0099931135773658,0.0141376387327909,0.3080828487873077,0.0223599132150411,0.0265218298882246,0.979369580745697,0.2742200791835785,0.0139692211523652,0.1210568025708198,0.9515308141708374,0.0724425241351127,0.9939678907394408,0.0283863171935081
skirt,0.0197297763079404,0.014066313393414,0.9210865497589112,0.0279006548225879,0.1170913353562355,0.0258881989866495,0.0259246528148651,0.1597555577754974,0.018242510035634,0.055260993540287,0.0231076404452323,0.0219788700342178,0.1835053414106369,0.0815962105989456,0.0214988552033901,0.0105080092325806,0.0225896555930376,0.3029854297637939,0.0861208140850067,0.4679875075817108,0.2940953075885772,0.0210447572171688,0.7020029425621033,0.9270281195640564,0.3200857043266296,0.0245196092873811,0.985104501247406,0.3044454753398895,0.0352897606790065,0.1979801207780838,0.0276201087981462,0.0403914935886859,0.0717953890562057,0.180721178650856,0.9447101950645448,0.0279882829636335,0.0242021437734365,0.3591541945934295,0.0204332116991281,0.0323006473481655,0.0427615419030189,0.1264621317386627,0.0440405271947383,0.0188891179859638,0.0320910029113292,0.2187767624855041,0.9804235696792604,0.0148420548066496,0.6553025841712952,0.0140710212290287,0.0395827479660511,0.0586987026035785,0.0342949964106082,0.0096451696008443,0.0313692651689052,0.9957234859466552,0.0302474536001682,0.0392589941620826,0.0424422062933445,0.0256450548768043,0.0187692530453205,0.0304315350949764,0.9716344475746156,0.0221118573099374
dungarees,0.1908059865236282,0.4681369662284851,0.6306899785995483,0.0216054730117321,0.011280802078545,0.0832895711064338,0.0163538604974746,0.0335301794111728,0.0538087785243988,0.0174313839524984,0.7311729192733765,0.8886241912841797,0.02217298746109,0.0324701108038425,0.0098805269226431,0.0236237812787294,0.0137510420754551,0.5253140330314636,0.0498372428119182,0.5427850484848022,0.0150588862597942,0.0695601254701614,0.0242496319115161,0.0344274342060089,0.0439481921494007,0.017743419855833,0.1096784844994545,0.1665908992290496,0.0611036829650402,0.2028814256191253,0.0681256800889968,0.0171056613326072,0.146169975399971,0.3684198558330536,0.1528129279613495,0.97564697265625,0.102500595152378,0.0645409449934959,0.7167109847068787,0.333397775888443,0.1448498517274856,0.0160518158227205,0.014828979037702,0.9968337416648864,0.11238444596529,0.0154002262279391,0.3947409391403198,0.3668804466724396,0.9758493900299072,0.027757765725255,0.0174931418150663,0.0232241619378328,0.4085491299629211,0.9821494221687316,0.0228246841579675,0.8348841667175293,0.0461985096335411,0.070551186800003,0.0098761618137359,0.98927503824234,0.0145504213869571,0.7452507615089417,0.9717025756835938,0.0161265153437852
shoes,0.869536280632019,0.0424104146659374,0.9830098748207092,0.265527606010437,0.0646320059895515,0.0367699712514877,0.0602585412561893,0.1004231572151184,0.0532330945134162,0.0109649542719125,0.0278274305164814,0.0940631926059722,0.0483093298971653,0.0111915841698646,0.0373202636837959,0.0522597096860408,0.1196700781583786,0.9542781710624696,0.0726116225123405,0.1553539186716079,0.0535642988979816,0.0305417086929082,0.2174464166164398,0.0911339446902275,0.4098959863185882,0.0397020392119884,0.9489532113075256,0.0273805595934391,0.0285822078585624,0.0215447358787059,0.0717683956027031,0.0390560217201709,0.3278772532939911,0.0242923665791749,0.0458935350179672,0.9464974403381348,0.0853778421878814,0.0692532584071159,0.1248399019241333,0.8640711307525635,0.9837206602096558,0.0251114573329687,0.8399105072021484,0.0263812188059091,0.0332911647856235,0.1603781878948211,0.5080239176750183,0.8643357157707214,0.2340270727872848,0.9882651567459106,0.0698300674557685,0.0371471643447876,0.0457501523196697,0.9183871746063232,0.0185451805591583,0.0323129035532474,0.0183867402374744,0.1203947067260742,0.1123861595988273,0.0152066554874181,0.9943575263023376,0.0289275869727134,0.0394420698285102,0.0940946489572525
shorts,0.0147320870310068,0.0335263349115848,0.9925078749656676,0.0363340191543102,0.0369625203311443,0.0305157322436571,0.0751047134399414,0.0719575509428978,0.9667935967445374,0.1089972481131553,0.024571968242526,0.1170322299003601,0.0368329547345638,0.0804964527487754,0.1120499670505523,0.1240108832716941,0.0604068897664547,0.985415518283844,0.0165893267840147,0.0190448202192783,0.1598672568798065,0.2231607735157013,0.0938851833343505,0.0419603586196899,0.0417262278497219,0.0333694629371166,0.9530013799667358,0.527642548084259,0.9102154970169068,0.89711594581604,0.0197260156273841,0.8988144993782043,0.0893114656209945,0.0412983186542987,0.066233105957508,0.615748941898346,0.1875755786895752,0.0320153459906578,0.1002014279365539,0.0745605304837226,0.5721445083618164,0.0491248667240142,0.0367585010826587,0.961583137512207,0.8226301670074463,0.0230821333825588,0.8563612103462219,0.0365321300923824,0.987173318862915,0.0434508323669433,0.0257296226918697,0.0204735212028026,0.0607767142355442,0.0635253638029098,0.0203399825841188,0.0126172238960862,0.0980361774563789,0.1953494250774383,0.0333201177418231,0.95207542181015,0.0367700904607772,0.9891063570976256,0.1348939687013626,0.0232041850686073
scarf,0.0275801848620176,0.0154130868613719,0.8853464722633362,0.0906105041503906,0.0240258518606424,0.0623992085456848,0.0231617167592048,0.0444866195321083,0.9353080987930298,0.0131775280460715,0.0715868920087814,0.0223310161381959,0.1304849982261657,0.0073284860700368,0.0619741529226303,0.9843295216560364,0.292479544878006,0.6256311535835266,0.0446232855319976,0.0964621230959892,0.2792403995990753,0.9260756373405457,0.0169631112366914,0.033901248127222,0.0648246705532074,0.1946910470724105,0.287320613861084,0.0230277050286531,0.0528561435639858,0.0233786907047033,0.9796940684318542,0.0143172666430473,0.0202015694230794,0.3737465739250183,0.0214441288262605,0.0344843827188015,0.0688732638955116,0.796921968460083,0.0257813055068254,0.0663478150963783,0.1761291623115539,0.160714104771614,0.0612976141273975,0.0191447995603084,0.1708452403545379,0.0842654183506965,0.991903841495514,0.0366269834339618,0.931049108505249,0.777122974395752,0.0299364812672138,0.0407934971153736,0.0190288722515106,0.0137476595118641,0.0769459679722786,0.3954819738864898,0.0251400843262672,0.2864601910114288,0.6924845576286316,0.11871799826622,0.0346469432115554,0.0140190282836556,0.9831779599189758,0.0305319335311651
panties,0.0867573171854019,0.1796441972255706,0.9938958287239076,0.0443348102271556,0.0225457083433866,0.0246128030121326,0.4431002736091614,0.3597587347030639,0.011400144547224,0.074283592402935,0.2488745748996734,0.0321987345814704,0.2577245533466339,0.150952860713005,0.0194982420653104,0.9686751961708068,0.0185483209788799,0.9912671446800232,0.6284449696540833,0.0099228844046592,0.0537629425525665,0.022667346522212,0.0198165699839591,0.0285067185759544,0.0153800807893276,0.4026811718940735,0.9768566489219666,0.9726607799530028,0.0130464974790811,0.9803178310394288,0.0278663504868745,0.0149407908320426,0.0344432704150676,0.0212678145617246,0.1234107241034507,0.1823327541351318,0.0285866558551788,0.3932877779006958,0.0748610347509384,0.0302518475800752,0.0160953365266323,0.0927816554903984,0.058299995958805,0.0258287899196147,0.0182590465992689,0.0226869080215692,0.07108686119318,0.3664602935314178,0.98256117105484,0.0569813027977943,0.0713465213775634,0.0210341997444629,0.5953323841094971,0.0452799052000045,0.0206370148807764,0.0188845284283161,0.5054674744606018,0.0154652157798409,0.0283549763262271,0.0142549527809023,0.035227071493864,0.0157247427850961,0.0683107525110244,0.0226566269993782
socks,0.0122040100395679,0.0294400118291378,0.9383577704429626,0.0192332342267036,0.0401711128652095,0.8980439901351929,0.0234176013618707,0.0276759415864944,0.0286004561930894,0.0086907632648944,0.1574258506298065,0.1727282553911209,0.033233281224966,0.0741692334413528,0.1199438199400901,0.038794033229351,0.0144824534654617,0.9878407120704652,0.0090364702045917,0.0153463147580623,0.1981498450040817,0.2571693360805511,0.0143987834453582,0.0142683470621705,0.0206128284335136,0.0356376729905605,0.8129459023475647,0.7516340613365173,0.0636071264743805,0.0640112683176994,0.0450325943529605,0.9877558946609496,0.0559068657457828,0.1049990206956863,0.0768831670284271,0.0222506634891033,0.0099587580189108,0.8621295094490051,0.0273824706673622,0.0358471572399139,0.0135444588959217,0.0443583242595195,0.0258292220532894,0.045003768056631,0.0272339656949043,0.0310311838984489,0.698644757270813,0.9884119629859924,0.9711236953735352,0.8169265389442444,0.0344069115817546,0.1985002309083938,0.0559692718088626,0.0576327480375766,0.0627999827265739,0.299196183681488,0.2461767941713333,0.2915177345275879,0.1325129568576812,0.0289047621190547,0.973188579082489,0.0532040372490882,0.0639578849077224,0.0106349354609847
sweater,0.4789714813232422,0.9623489379882812,0.0817988142371177,0.0535437725484371,0.0530523136258125,0.0683072283864021,0.0156151698902249,0.0237857960164546,0.1664132922887802,0.0159944463521242,0.0708911642432212,0.989051103591919,0.0334235094487667,0.0206505395472049,0.0612199418246746,0.9184181094169616,0.2057928740978241,0.6537110805511475,0.0162752475589513,0.015499098226428,0.2121486365795135,0.0315231010317802,0.3017351031303406,0.2096123844385147,0.0170981436967849,0.7351239919662476,0.0200486090034246,0.0377748012542724,0.126536875963211,0.0471564717590808,0.015761723741889,0.2195506244897842,0.2268624156713485,0.0521516613662242,0.0442193411290645,0.576431155204773,0.0242614522576332,0.9863091707229614,0.016880938783288,0.0437894761562347,0.1422630846500396,0.5087347626686096,0.1864994615316391,0.0142631037160754,0.0688792541623115,0.0160598680377006,0.9926199316978456,0.3639914393424988,0.9678379893302916,0.1603520810604095,0.0252302102744579,0.0446355044841766,0.0152476336807012,0.2687674760818481,0.1382939368486404,0.1039414405822753,0.5625287294387817,0.8799863457679749,0.02585344389081,0.9925639033317566,0.0643445327877998,0.0288552977144718,0.8456924557685852,0.02130270563066
top,0.0653149560093879,0.0343377105891704,0.9643714427947998,0.0685559436678886,0.8635106682777405,0.014182417653501,0.0257555525749921,0.0356779359281063,0.0851061195135116,0.0066579096019268,0.0145173408091068,0.3106597661972046,0.0106695806607604,0.0121272401884198,0.0458529517054557,0.0282360967248678,0.4531266093254089,0.3525455296039581,0.0379097089171409,0.0515227317810058,0.0134062711149454,0.1628143340349197,0.0228826962411403,0.1390269547700882,0.0382477194070816,0.0165175069123506,0.5315009951591492,0.0331176929175853,0.196773812174797,0.958978831768036,0.0230884980410337,0.0871568620204925,0.1618391126394271,0.3034460544586181,0.0169381462037563,0.8111734390258789,0.010455367155373,0.9894116520881652,0.0233769044280052,0.0071615511551499,0.0142146395519375,0.0094051947817206,0.8524006605148315,0.3336299657821655,0.8580400347709656,0.0181606095284223,0.0218178331851959,0.6103147864341736,0.992501735687256,0.0149336950853466,0.0194574259221553,0.0102751897647976,0.9909855127334596,0.0220914669334888,0.0213246922940015,0.5330567955970764,0.9319934844970704,0.3434279561042785,0.1322097033262252,0.2301835864782333,0.0206978265196084,0.0406648740172386,0.9663019180297852,0.0358062461018562
pullover,0.4789714813232422,0.9623489379882812,0.0817988142371177,0.0535437725484371,0.0530523136258125,0.0683072283864021,0.0156151698902249,0.0237857960164546,0.1664132922887802,0.0159944463521242,0.0708911642432212,0.989051103591919,0.0334235094487667,0.0206505395472049,0.0612199418246746,0.9184181094169616,0.2057928740978241,0.6537110805511475,0.0162752475589513,0.015499098226428,0.2121486365795135,0.0315231010317802,0.3017351031303406,0.2096123844385147,0.0170981436967849,0.7351239919662476,0.0200486090034246,0.0377748012542724,0.126536875963211,0.0471564717590808,0.015761723741889,0.2195506244897842,0.2268624156713485,0.0521516613662242,0.0442193411290645,0.576431155204773,0.0242614522576332,0.9863091707229614,0.016880938783288,0.0437894761562347,0.1422630846500396,0.5087347626686096,0.1864994615316391,0.0142631037160754,0.0688792541623115,0.0160598680377006,0.9926199316978456,0.3639914393424988,0.9678379893302916,0.1603520810604095,0.0252302102744579,0.0446355044841766,0.0152476336807012,0.2687674760818481,0.1382939368486404,0.1039414405822753,0.5625287294387817,0.8799863457679749,0.02585344389081,0.9925639033317566,0.0643445327877998,0.0288552977144718,0.8456924557685852,0.02130270563066
t-shirt,0.0111625362187623,0.9931278228759766,0.1240693107247352,0.0846969187259674,0.0332047119736671,0.0428339429199695,0.0291597507894039,0.0215159971266984,0.5150154232978821,0.0165509656071662,0.0200487300753593,0.0233504120260477,0.0108602382242679,0.195080280303955,0.0117316506803035,0.0140996668487787,0.374942272901535,0.9775826930999756,0.8909350633621216,0.0378025509417057,0.098524086177349,0.0186956673860549,0.0253142230212688,0.2987138032913208,0.0669800043106079,0.0410460159182548,0.9270094037055968,0.0204560197889804,0.0374344885349273,0.0372035764157772,0.0150228384882211,0.8579796552658081,0.0307185724377632,0.2207441926002502,0.0100065721198916,0.7236850261688232,0.0623674169182777,0.9873861074447632,0.0178348924964666,0.0388836376368999,0.4269339442253113,0.0061354949139058,0.0148573173210024,0.1164746508002281,0.3321800827980041,0.0788559243083,0.9919331669807434,0.0205402690917253,0.9823756814002992,0.046870894730091,0.1123451590538024,0.0211013536900281,0.9719854593276978,0.2563793957233429,0.979910969734192,0.0204983577132225,0.01910887286067,0.0239118002355098,0.0164171103388071,0.9695364832878112,0.008925536647439,0.0252341739833354,0.946142554283142,0.0233981106430292
mittens,0.24857759475708,0.7556367516517639,0.0887376442551612,0.1198080107569694,0.0879105404019355,0.0456441342830657,0.0433116890490055,0.1809885054826736,0.0087967785075306,0.0163126662373542,0.0635233372449874,0.2446573078632354,0.0565575771033763,0.0274286326020956,0.0835353136062622,0.0618460029363632,0.7331874966621399,0.9853713512420654,0.9751659035682678,0.0164440106600523,0.0807854533195495,0.0232023280113935,0.0519407503306865,0.0421325042843818,0.0677605420351028,0.0336019992828369,0.8322950005531311,0.088639311492443,0.0262300670146942,0.3627967238426208,0.0756679996848106,0.9259408116340636,0.1487172842025756,0.0721368789672851,0.3649143874645233,0.0657028555870056,0.0212808214128017,0.3617706000804901,0.9530941843986512,0.0283290743827819,0.0142580904066562,0.1268983036279678,0.9770237803459167,0.0143851283937692,0.2735005021095276,0.0330765061080455,0.9890426993370056,0.0557801201939582,0.9772428870201112,0.9530561566352844,0.0230790916830301,0.0173442102968692,0.1702300459146499,0.2902939915657043,0.0303833894431591,0.0153942024335265,0.8889028429985046,0.2141960114240646,0.9849714636802672,0.0265117362141609,0.1874225735664367,0.1440833806991577,0.9722468256950378,0.07334516197443
bathing_suit,0.0655211582779884,0.0118824280798435,0.2443717569112777,0.071388341486454,0.8585255742073059,0.014728995040059,0.3257016837596893,0.1469468474388122,0.0284884590655565,0.0270560998469591,0.0260429717600345,0.3243139386177063,0.2157516330480575,0.1762844920158386,0.0150795252993702,0.0464374162256717,0.1332048773765564,0.9471261501312256,0.0212109424173831,0.0380895733833313,0.0241977125406265,0.6481328010559082,0.0988197550177574,0.6097743511199951,0.0383091382682323,0.0290366914123296,0.9719364047050476,0.0244159325957298,0.0634093061089515,0.0367337949573993,0.124731421470642,0.9691136479377748,0.1227475702762603,0.0348774567246437,0.9658980369567872,0.9748611450195312,0.2489893287420272,0.6839282512664795,0.5138710737228394,0.0190123617649078,0.1894789040088653,0.0961332023143768,0.96136474609375,0.0678240358829498,0.0813011825084686,0.1287337988615036,0.0085884612053632,0.0672146081924438,0.972402572631836,0.03990388661623,0.0228891540318727,0.0322305262088775,0.9775199294090272,0.0277256555855274,0.0256773512810468,0.0921796858310699,0.5096026062965393,0.0228875782340765,0.0129883466288447,0.9495790600776672,0.0181938596069812,0.6440225839614868,0.5607680082321167,0.2752791345119476
accordion,0.9828819036483764,0.0319503843784332,0.8089792132377625,0.0308898501098155,0.0444472059607505,0.0542332828044891,0.0268362406641244,0.0169663708657026,0.0698941498994827,0.6211615204811096,0.0551532842218875,0.0221587885171175,0.9888835549354552,0.0926962047815322,0.0207337383180856,0.332729309797287,0.036754660308361,0.0439339317381382,0.9892821311950684,0.0140014011412858,0.405673086643219,0.9517257809638976,0.5015270113945007,0.2400161921977996,0.0197446439415216,0.939485728740692,0.0322534218430519,0.9825306534767152,0.9875627756118774,0.0345492549240589,0.0603569522500038,0.0395499169826507,0.6747834086418152,0.114148661494255,0.0278934836387634,0.459686666727066,0.9621896743774414,0.0186455901712179,0.9528321027755736,0.0360100641846656,0.121439903974533,0.0481760501861572,0.6960940361022949,0.9621692299842834,0.0242109484970569,0.250573456287384,0.0393662527203559,0.0193732939660549,0.0408483110368251,0.5118840336799622,0.9831308126449584,0.2547094523906708,0.0830656662583351,0.0267844665795564,0.0901023373007774,0.0366958864033222,0.0184526927769184,0.02250512316823,0.0677015259861946,0.4736354053020477,0.0288723763078451,0.0300390496850013,0.0228217523545026,0.9648012518882751
banjo,0.8384239673614502,0.1108825951814651,0.3996010720729828,0.0588816329836845,0.0785121396183967,0.3482351303100586,0.0363026447594165,0.25386843085289,0.1087598577141761,0.0285135507583618,0.0190714597702026,0.0472937412559986,0.9769789576530457,0.0480225533246994,0.1739197075366974,0.0471477806568145,0.0373691022396087,0.0539695657789707,0.601771354675293,0.0872668921947479,0.9883158802986144,0.9384829998016356,0.2859146893024444,0.0895174071192741,0.4890935122966766,0.0348816104233264,0.0443965531885623,0.8014825582504272,0.4654884934425354,0.0548439584672451,0.8304370045661926,0.0409419201314449,0.4250524342060089,0.0655721053481102,0.1018446907401084,0.5697522163391113,0.9472306966781616,0.1370333135128021,0.9774935245513916,0.3126466572284698,0.8571418523788452,0.0180373713374137,0.9889340996742249,0.9727451801300048,0.9865998029708862,0.0888435617089271,0.2053733170032501,0.242040142416954,0.9723377823829652,0.0844303667545318,0.9704949259757996,0.5550962090492249,0.1167396306991577,0.3294064104557037,0.0339779369533062,0.371616393327713,0.0458242557942867,0.0355201251804828,0.0529335960745811,0.1434713453054428,0.0218593049794435,0.0462114438414573,0.9870581030845642,0.2796424627304077
bass_guitar,0.4569976031780243,0.0349894613027572,0.1288144886493683,0.0735144838690757,0.0627466812729835,0.1710496842861175,0.7376071214675903,0.5019550919532776,0.0270174033939838,0.1119975224137306,0.0672336518764495,0.4918950498104095,0.9706333875656128,0.0611568838357925,0.0555265955626964,0.3497847616672516,0.0670640543103218,0.0320690311491489,0.0551337972283363,0.0362511575222015,0.9811930656433104,0.9292919635772704,0.0977582037448883,0.0335052497684955,0.9896172285079956,0.8973576426506042,0.0176736786961555,0.6518974304199219,0.0902044996619224,0.0371389165520668,0.0557266995310783,0.6932998895645142,0.109791912138462,0.0276132579892873,0.0565804280340671,0.2198940068483352,0.9203426241874696,0.1341206580400467,0.9897560477256776,0.2833330929279327,0.1254796683788299,0.2173566818237304,0.360577255487442,0.9880301356315612,0.9777444005012512,0.1612675487995147,0.0263094268739223,0.9797996878623962,0.0607874505221843,0.8059427738189697,0.53434157371521,0.0527162812650203,0.663255512714386,0.9319875836372375,0.0447096973657608,0.1588067710399627,0.1105280742049217,0.030325710773468,0.9346816539764404,0.1824879348278045,0.0529209859669208,0.034124307334423,0.6767114996910095,0.9749119877815248
cello,0.6667961478233337,0.0407177358865737,0.034104224294424,0.1140195280313491,0.1142048314213752,0.787464439868927,0.0186914149671793,0.0271418187767267,0.1962435394525528,0.2072710990905761,0.9897061586380004,0.0291740652173757,0.9869258403778076,0.0420894213020801,0.0223010685294866,0.0284632369875907,0.02923752553761,0.616773247718811,0.8991475701332092,0.0577286481857299,0.1995068490505218,0.8785538673400879,0.7770012617111206,0.0325246676802635,0.9890037178993224,0.9906775951385498,0.0365072079002857,0.1115551218390464,0.0762796103954315,0.0567476861178875,0.4019190669059753,0.0270394794642925,0.0837055295705795,0.1260656714439392,0.0413301587104797,0.0660567060112953,0.927566409111023,0.3208405375480652,0.634202778339386,0.9822141528129578,0.0439263507723808,0.9892753958702089,0.9625214338302612,0.9080133438110352,0.9929240942001344,0.5196696519851685,0.0673252791166305,0.2785789370536804,0.0864667668938636,0.853033185005188,0.806128740310669,0.0467401482164859,0.3222220242023468,0.1744308918714523,0.0472937189042568,0.1713854521512985,0.3696481883525848,0.9716275930404664,0.0236281976103782,0.9887256026268004,0.0330246873199939,0.0250978730618953,0.0658591613173484,0.4227292239665985
cymbals,0.0211942717432975,0.735334575176239,0.229040041565895,0.0262549221515655,0.0974776670336723,0.2848138511180877,0.192374974489212,0.0585972778499126,0.1038726270198822,0.0175590254366397,0.0568312741816043,0.1472615599632263,0.0440275110304355,0.0173423402011394,0.99370276927948,0.0333396233618259,0.2438130378723144,0.1750307232141494,0.9930330514907836,0.171586662530899,0.9670518636703492,0.590811550617218,0.2334292232990265,0.0492087714374065,0.0316752381622791,0.958179533481598,0.028736051172018,0.0245830845087766,0.0280638430267572,0.1941836178302765,0.0311364345252513,0.975202977657318,0.493724375963211,0.0278603415936231,0.0239536669105291,0.5638657808303833,0.0566530488431453,0.2231925427913665,0.9721306562423706,0.7107260823249817,0.9558170437812804,0.0289888251572847,0.917744517326355,0.9030758142471312,0.9444181323051452,0.1105223596096038,0.9490468502044678,0.0263782944530248,0.0303152985870838,0.0485228635370731,0.516981303691864,0.1018285378813743,0.3905201852321625,0.9435328245162964,0.9100222587585448,0.6948120594024658,0.2720971703529358,0.9840580821037292,0.2055775225162506,0.2328552901744842,0.8502137064933777,0.4589411914348602,0.0111519303172826,0.0223544258624315
double_bass,0.9518271684646606,0.1447475403547287,0.0340303145349025,0.0606450103223323,0.0296243466436862,0.0504814274609088,0.0709571316838264,0.8129042983055115,0.0374888628721237,0.0311708413064479,0.8383915424346924,0.0678466632962226,0.9772730469703674,0.0339851938188076,0.048894066363573,0.062495470046997,0.066637597978115,0.0932284742593765,0.0217154417186975,0.0387816652655601,0.8551119565963745,0.9398387670516968,0.9058810472488404,0.0390728041529655,0.9733988046646118,0.5316015481948853,0.0282816253602504,0.1270201206207275,0.1227384284138679,0.0377908162772655,0.0727813988924026,0.0878881365060806,0.0366799086332321,0.2545121312141418,0.0399158746004104,0.1422750651836395,0.9639701247215272,0.0410036221146583,0.5028438568115234,0.984772562980652,0.4723771810531616,0.9848268032073976,0.91288024187088,0.1512113064527511,0.9823624491691588,0.8262714743614197,0.2925799190998077,0.7167993783950806,0.0796416774392128,0.1800631582736969,0.92044997215271,0.0478344894945621,0.1155869960784912,0.9751505851745604,0.2429963201284408,0.0588941201567649,0.0742450356483459,0.4036071002483368,0.3731248676776886,0.9927799105644226,0.0437214039266109,0.0429486222565174,0.0529307276010513,0.644821047782898
bagpipe,0.2810705006122589,0.0631682276725769,0.0564553551375865,0.0443639233708381,0.9050811529159546,0.0233573708683252,0.114512138068676,0.140327587723732,0.1183293759822845,0.0178321450948715,0.0356642976403236,0.0472120344638824,0.9841512441635132,0.0333239026367664,0.0255913771688938,0.1699154675006866,0.0460113249719142,0.2714008092880249,0.9634476900100708,0.0595917403697967,0.990121603012085,0.440513551235199,0.084121286869049,0.9422184824943542,0.1240849643945694,0.024148492142558,0.1553063690662384,0.4911043345928192,0.0144344698637723,0.0274569820612669,0.0310400612652301,0.2410058081150055,0.982233703136444,0.0747686550021171,0.0958476066589355,0.3584279716014862,0.9448803663253784,0.1187101453542709,0.6595685482025146,0.0275572594255208,0.0206260494887828,0.9017179608345032,0.945403516292572,0.9819077849388124,0.0220880918204784,0.0410685278475284,0.9590917825698853,0.1206345185637474,0.0817601159214973,0.7659550309181213,0.9635870456695556,0.2019020020961761,0.3151856362819671,0.235624149441719,0.0290560238063335,0.052495788782835,0.0504371523857116,0.9924454092979432,0.0720568746328353,0.0915730446577072,0.0236903503537178,0.0394473560154438,0.0148237152025103,0.9855682253837584
drum_set,0.1014662608504295,0.0662791356444358,0.0216895770281553,0.38963782787323,0.0494493804872036,0.0627912729978561,0.9801602959632874,0.8856792449951172,0.0749531984329223,0.047041043639183,0.8219559788703918,0.0360666736960411,0.0851849913597107,0.057862602174282,0.1217439770698547,0.0522542744874954,0.0197850111871957,0.0274466760456562,0.1273457705974578,0.0152318552136421,0.9921169877052308,0.973710000514984,0.0359935797750949,0.0640221461653709,0.0729458853602409,0.9647886753082277,0.0210818499326705,0.9899116158485411,0.190164566040039,0.0270597860217094,0.1105569750070571,0.9917126893997192,0.0233837105333805,0.0677268132567405,0.0318484455347061,0.0449426434934139,0.9896929860115052,0.0297705046832561,0.991163969039917,0.9940394163131714,0.1215777471661567,0.9860354661941528,0.0479495488107204,0.9624125361442566,0.9854407906532288,0.5645909905433655,0.098817691206932,0.3654834926128387,0.0455527417361736,0.0459358990192413,0.2548487484455108,0.0416300296783447,0.0290061589330434,0.1889451891183853,0.9238069653511048,0.0268666353076696,0.0186048299074172,0.30814129114151,0.1033857688307762,0.2869603335857391,0.0406260974705219,0.012081254273653,0.0351522862911224,0.0439130067825317
flute,0.9842698574066162,0.1003625392913818,0.0938446521759033,0.0296910926699638,0.0460764095187187,0.619450032711029,0.0310815088450908,0.1559616327285766,0.0533978380262851,0.0313706994056701,0.9873356223106384,0.1278449445962906,0.9707446098327636,0.0648515596985817,0.4094230830669403,0.1212944835424423,0.0405128337442874,0.0785375833511352,0.1731903105974197,0.0332230404019355,0.0370863154530525,0.9835243225097656,0.0265080034732818,0.0302787851542234,0.0166557747870683,0.3880142569541931,0.0719992592930793,0.1640417277812957,0.4150415062904358,0.0901958122849464,0.2036844044923782,0.975557804107666,0.2546674311161041,0.1955362111330032,0.0489382147789001,0.0422452837228775,0.951891303062439,0.0364883691072464,0.980830729007721,0.0356679037213325,0.0729012414813041,0.0658834502100944,0.8850187063217163,0.9760162830352784,0.0177864115685224,0.2638622522354126,0.4117996990680694,0.0610954239964485,0.0296286679804325,0.0592736713588237,0.8850103616714478,0.0725642740726471,0.3180339634418487,0.0215850993990898,0.075312502682209,0.9243081212043762,0.2995755672454834,0.9896135926246644,0.2805072069168091,0.0154312727972865,0.992853343486786,0.4520142078399658,0.972075581550598,0.1946398317813873
bassoon,0.8676111698150635,0.0856126397848129,0.0265299919992685,0.1767643988132476,0.0752486363053321,0.0896378606557846,0.1426981687545776,0.2198104858398437,0.3817441463470459,0.0553318224847316,0.9275466799736024,0.0753144994378089,0.953844666481018,0.0143225379288196,0.0219500251114368,0.0402829200029373,0.0369024574756622,0.0559605024755001,0.1298721432685852,0.0266333483159542,0.0656331852078437,0.8078708648681641,0.0733216106891632,0.0372819527983665,0.1731933951377868,0.0818731784820556,0.0781701728701591,0.92264986038208,0.0186445340514183,0.0615254044532775,0.3561523854732513,0.0270386803895235,0.428830087184906,0.1511739492416381,0.0434573926031589,0.0371032282710075,0.8867636919021606,0.857717752456665,0.9889031052589417,0.3395959436893463,0.9834407567977904,0.0338191837072372,0.9900079965591432,0.9598867893218994,0.2673858106136322,0.0623686388134956,0.2392681092023849,0.9865308403968812,0.0343555249273777,0.177253171801567,0.2530028522014618,0.0315937623381614,0.0447956100106239,0.920225977897644,0.2574963271617889,0.2032994776964187,0.8010903000831604,0.9931097030639648,0.0089770974591374,0.1496393233537674,0.0540486387908458,0.0348086059093475,0.0557646118104457,0.9654913544654846
recorder,0.3669753074645996,0.0607102625072002,0.5705010294914246,0.9577126502990724,0.0944273769855499,0.8848002552986145,0.0442158430814743,0.0443817563354969,0.1210183128714561,0.0186393298208713,0.9842864871025084,0.1705722063779831,0.4080254733562469,0.0125532569363713,0.9569973349571228,0.3292512893676758,0.0334668159484863,0.075563870370388,0.0304515995085239,0.0426857061684131,0.8449127674102783,0.9351626038551332,0.1780257523059845,0.0826614648103714,0.6211916208267212,0.1332206428050995,0.0384126007556915,0.2876607179641723,0.0572861433029174,0.0950183793902397,0.1992590576410293,0.0381972938776016,0.0853852778673172,0.0338796712458133,0.0599585250020027,0.1243161186575889,0.9749699234962464,0.0699259340763092,0.9847664833068848,0.0648543313145637,0.0279271490871906,0.0890076011419296,0.9577791094779968,0.939220130443573,0.1367239505052566,0.108485460281372,0.9108109474182128,0.7097328901290894,0.0448424704372882,0.1280372142791748,0.9250099062919616,0.0231848545372486,0.3135798871517181,0.0396182760596275,0.556196928024292,0.0823374539613723,0.3134714365005493,0.9842198491096495,0.0415767952799797,0.0544720627367496,0.9886915683746338,0.0238370653241872,0.9226394891738892,0.2054954767227172
guitar,0.9703476428985596,0.2367827296257019,0.0727198794484138,0.0317840948700904,0.0258035939186811,0.1060972064733505,0.0301067400723695,0.0917167365550994,0.4920392632484436,0.018884228542447,0.1111122444272041,0.0662599951028823,0.9879074692726136,0.0218902193009853,0.0181857254356145,0.2131735533475875,0.0979624018073082,0.0537713728845119,0.0225253738462924,0.027506886050105,0.9745957851409912,0.971056342124939,0.0236957073211669,0.0375301800668239,0.0346512831747531,0.6745989322662354,0.0820432603359222,0.2223909944295883,0.5292863249778748,0.0637735202908515,0.9009861350059508,0.4451432526111603,0.1198937892913818,0.091353602707386,0.0345925167202949,0.0371460877358913,0.9575096368789672,0.5795159339904785,0.9651353359222412,0.9889349341392516,0.0293789468705654,0.3208863437175751,0.9360232949256896,0.3049904108047485,0.9207074642181396,0.0956462025642395,0.0707999989390373,0.571919858455658,0.9369402527809144,0.0559431426227092,0.9257380962371826,0.2668224275112152,0.1844042688608169,0.14227294921875,0.0278185326606035,0.1009313613176345,0.0433990657329559,0.0697508081793785,0.9058755040168762,0.0498380102217197,0.9417152404785156,0.3699192404747009,0.9163886308670044,0.9574636220932008
harp,0.7880037426948547,0.1151237860321998,0.0234253704547882,0.0543485209345817,0.0310597382485866,0.0243568066507577,0.875325620174408,0.4422740340232849,0.5614001154899597,0.0507086031138896,0.9869986176490784,0.0415976382791996,0.9758214354515076,0.0288091786205768,0.155341699719429,0.0436769388616085,0.4596722722053528,0.0767676010727882,0.8902506232261658,0.1024538353085517,0.9615871906280518,0.9647632837295532,0.5863252878189087,0.0857429727911949,0.0283639840781688,0.9555394053459167,0.0479753725230693,0.039423644542694,0.0227119047194719,0.0885817781090736,0.209836408495903,0.044687483459711,0.0260404385626316,0.7822219729423523,0.0448913313448429,0.0546152032911777,0.9525337815284728,0.2809648215770721,0.9896860718727112,0.0590590648353099,0.9898333549499512,0.9844930171966552,0.9934977293014526,0.9001868367195129,0.9809837937355042,0.3558588325977325,0.7700954079627991,0.2600727677345276,0.0700521022081375,0.06772480905056,0.8844703435897827,0.9770784974098206,0.048177994787693,0.0779847353696823,0.0509904511272907,0.1910948604345321,0.0883636474609375,0.0990947559475898,0.1372812688350677,0.9953162670135498,0.3364715278148651,0.0791393145918846,0.3791960179805755,0.5856074094772339
clarinet,0.9757714867591858,0.4658724963665008,0.1696937680244445,0.0333777628839015,0.0230587925761938,0.0291059799492359,0.0386529117822647,0.9086084961891174,0.0483482591807842,0.0587728060781955,0.1910010874271392,0.7029646635055542,0.9698334336280824,0.0895773768424987,0.1381497830152511,0.3320634365081787,0.0225408226251602,0.0549933649599552,0.0531608723104,0.013424938544631,0.094341330230236,0.9827266931533812,0.0207532178610563,0.0237580873072147,0.0246028341352939,0.683667004108429,0.044419590383768,0.0936467871069908,0.0832209885120391,0.3220422863960266,0.043543916195631,0.3342037498950958,0.0815850272774696,0.0525218248367309,0.1174258813261985,0.0299826767295599,0.9529317617416382,0.6183738112449646,0.992177426815033,0.0673007145524025,0.4799381196498871,0.0279658418148756,0.9654217958450316,0.9848276376724244,0.0767613276839256,0.2047284841537475,0.4106395840644836,0.9536794424057008,0.0267718657851219,0.0671265572309494,0.195342019200325,0.1671769320964813,0.0672963187098503,0.6974008679389954,0.0316032357513904,0.0602462999522686,0.837149441242218,0.9774720072746276,0.0349005796015262,0.0612743087112903,0.0668599084019661,0.0594873689115047,0.6633186936378479,0.9835000038146972
harpsichord,0.0656025931239128,0.2324130982160568,0.0514147132635116,0.0236125048249959,0.6126397848129272,0.0721584856510162,0.9740542769432068,0.060929749161005,0.4572081267833709,0.1344654411077499,0.2549344301223755,0.1853151023387909,0.969862699508667,0.2146932780742645,0.0337498076260089,0.0256193839013576,0.0181835666298866,0.3697337508201599,0.9558146595954896,0.048488512635231,0.8949782848358154,0.956347107887268,0.8855546712875366,0.037447664886713,0.0590766556560993,0.9847972989082336,0.0401443876326084,0.0492792502045631,0.0418739654123783,0.0683056339621543,0.1185784786939621,0.0380007028579711,0.9505556225776672,0.4700653851032257,0.4156961143016815,0.0493596456944942,0.6661655306816101,0.0740244910120964,0.9826472401618958,0.0364263728260993,0.5201475620269775,0.9319986701011658,0.9130591154098512,0.928878903388977,0.199804276227951,0.0277096256613731,0.0324976034462451,0.0472437255084514,0.0389283932745456,0.0314745232462883,0.9817031025886536,0.0786859914660453,0.0402464792132377,0.0972776412963867,0.9786423444747924,0.117238238453865,0.0731927305459976,0.0392476469278335,0.0203986763954162,0.0619848854839801,0.0747500732541084,0.0447076857089996,0.2521676421165466,0.9629120826721193
harmonica,0.8221108913421631,0.027815917506814,0.0881650149822235,0.0446389019489288,0.0666536390781402,0.2825592458248138,0.0250692069530487,0.0342668406665325,0.2095554769039154,0.0409508235752582,0.0587391667068004,0.154519110918045,0.3776202201843261,0.0379506535828113,0.055682647973299,0.0501692183315753,0.7142401933670044,0.1441068202257156,0.9053567051887512,0.0637593865394592,0.983962059020996,0.97438383102417,0.1135027408599853,0.0550411939620971,0.1300673335790634,0.059548407793045,0.1810424029827118,0.8504875898361206,0.9746201038360596,0.0291240140795707,0.0685988813638687,0.4143765866756439,0.0388026572763919,0.0403281413018703,0.4796212315559387,0.0400516577064991,0.9837141633033752,0.1228384152054786,0.9421433806419371,0.0630903467535972,0.3817375004291534,0.2659458220005035,0.9865211248397828,0.946419358253479,0.8604271411895752,0.1506587117910385,0.9854915142059326,0.7377780079841614,0.3740637898445129,0.0751189365983009,0.0733988657593727,0.0534458421170711,0.5510364174842834,0.0269951950758695,0.134299099445343,0.0694993585348129,0.0961286649107933,0.9893898367881776,0.910374641418457,0.0240974724292755,0.985653042793274,0.0174747705459594,0.1398022174835205,0.8749100565910339
organ,0.0319839678704738,0.0217962283641099,0.0335258841514587,0.0962181687355041,0.0364985950291156,0.7079547643661499,0.8601121306419373,0.0176597256213426,0.0258881673216819,0.0529163666069507,0.0774629786610603,0.0536356456577777,0.985313594341278,0.0777987539768219,0.1473718583583831,0.0254722144454717,0.0788724645972251,0.1157558113336563,0.9942134022712708,0.0166589152067899,0.3330519497394562,0.991848349571228,0.5516896843910217,0.0469383224844932,0.2472678422927856,0.9378542304039,0.0486562401056289,0.0303392242640256,0.0317315012216568,0.3167802691459656,0.0324167311191558,0.0365987010300159,0.037250492721796,0.0286228973418474,0.0655963122844696,0.1432365924119949,0.9896990656852722,0.0194014962762594,0.8269742131233215,0.0198312010616064,0.0498720072209835,0.9888022541999816,0.0252472292631864,0.976198673248291,0.0272994432598352,0.1344121694564819,0.6741492748260498,0.9511125087738036,0.2648912966251373,0.0212447606027126,0.8444892168045044,0.03138292953372,0.1120762005448341,0.0217815898358821,0.6589570641517639,0.9777531623840332,0.0372376330196857,0.2136492580175399,0.1385955214500427,0.0942459255456924,0.0864784643054008,0.4093749225139618,0.0340855792164802,0.9682379961013794
pan_flute,0.0373259633779525,0.0364484004676342,0.9724541306495668,0.0370776131749153,0.0669467374682426,0.0575814545154571,0.0615986958146095,0.031271930783987,0.938240110874176,0.0571061410009861,0.9662172198295592,0.0426902659237384,0.3543306589126587,0.0410864278674125,0.0224619265645742,0.0376036763191223,0.5422441959381104,0.5276394486427307,0.9864665865898132,0.4378553628921509,0.9558650851249696,0.9080296754837036,0.0497059375047683,0.0371062085032463,0.4554190337657928,0.4231995344161987,0.2138495594263076,0.4051352739334106,0.0926721021533012,0.0895082950592041,0.0320390425622463,0.0349736623466014,0.6470034718513489,0.0371538400650024,0.1140203326940536,0.0358674190938472,0.9650192260742188,0.2734407782554626,0.9797289967536926,0.0498484559357166,0.1141253560781478,0.8585800528526306,0.9391596913337708,0.9731751084327698,0.1272633373737335,0.1687896698713302,0.9862989783287048,0.9786495566368104,0.966449737548828,0.0393618270754814,0.0525251105427742,0.594587504863739,0.0900601670145988,0.7038554549217224,0.0587147735059261,0.1166772469878196,0.0376782491803169,0.9749916791915894,0.0384305380284786,0.1054311022162437,0.281217485666275,0.0299915447831153,0.854101836681366,0.9855352640151978
piano,0.3064101636409759,0.0714117288589477,0.0164987947791814,0.0576920136809349,0.0433750785887241,0.2618166506290436,0.453060895204544,0.0542277693748474,0.06065084785223,0.1346545219421386,0.789801836013794,0.1541947275400161,0.991039216518402,0.05219666659832,0.0350063443183898,0.8063457012176514,0.01686817035079,0.1801476925611496,0.0197851583361625,0.0915081277489662,0.1833311915397644,0.96959388256073,0.1555246263742447,0.0175233762711286,0.1404393166303634,0.993802547454834,0.0653305202722549,0.0119914542883634,0.908315122127533,0.5623997449874878,0.0697227865457534,0.0190727524459362,0.0690472573041915,0.4473064839839935,0.4876368343830108,0.0990428179502487,0.0925486609339714,0.0485283136367797,0.9914345741271972,0.9871042370796204,0.3949260413646698,0.9866324067115784,0.1389292776584625,0.9814311265945436,0.9900661706924438,0.1154105067253112,0.1406365483999252,0.0916973501443862,0.0376037545502185,0.4409772157669067,0.98585307598114,0.0657732337713241,0.3044243454933166,0.0227590855211019,0.9659921526908876,0.0389132425189018,0.1161899045109748,0.0385067835450172,0.0463965013623237,0.1133002564311027,0.1312761902809143,0.0417134352028369,0.0768550112843513,0.9874774217605592
saxophone,0.7853028178215027,0.1883959174156189,0.0113667445257306,0.0375590249896049,0.1199180036783218,0.0822100043296814,0.2915827333927154,0.0304812900722026,0.5644090175628662,0.0366764217615127,0.0241322014480829,0.5054514408111572,0.9633896946907043,0.0231783371418714,0.060561716556549,0.0181873049587011,0.0740603655576706,0.1700196415185928,0.0110983122140169,0.0129170734435319,0.4451947212219238,0.9871643781661988,0.0405724942684173,0.0343438535928726,0.0410404726862907,0.0087564112618565,0.0288675781339406,0.0287947207689285,0.592706561088562,0.079583078622818,0.0815341472625732,0.9947490096092224,0.1005599945783615,0.0230770111083984,0.0694871991872787,0.0461850836873054,0.9876249432563782,0.0863051414489746,0.6981879472732544,0.0709314122796058,0.054667979478836,0.9637205004692078,0.1261923760175705,0.9836602210998536,0.1373306810855865,0.0878606140613555,0.4176893830299377,0.9815552830696106,0.0749780759215354,0.0656775161623954,0.650584876537323,0.8720898032188416,0.3728685975074768,0.9894335865974426,0.0317597948014736,0.0721554309129715,0.0356163010001182,0.9968050718307496,0.0302842948585748,0.0516156516969203,0.4739758670330047,0.4232525527477264,0.0431433357298374,0.9029909372329712
synthesizer,0.0380836762487888,0.5366138815879822,0.0897164866328239,0.0235775504261255,0.9545787572860718,0.0751513466238975,0.209801435470581,0.0117186168208718,0.6533422470092773,0.1392742097377777,0.030631635338068,0.0755678489804267,0.9386447668075562,0.3472262322902679,0.9436639547348022,0.0148907164111733,0.0201819241046905,0.961798369884491,0.3225243091583252,0.1171869039535522,0.2724573016166687,0.9899832010269164,0.0252070538699626,0.0244873072952032,0.0204749573022127,0.2624927461147308,0.0579843372106552,0.1055387333035469,0.9898450374603271,0.0329964719712734,0.0150678306818008,0.2540986835956573,0.9607236981391908,0.0109227392822504,0.0613785125315189,0.0358043499290943,0.9759760499000548,0.3557768762111664,0.9911710619926452,0.9590712785720824,0.1793775260448455,0.0359322540462017,0.0396897792816162,0.9864460229873656,0.99338299036026,0.9461957216262816,0.0264700315892696,0.2575750648975372,0.0337028093636035,0.0219559222459793,0.0406120978295803,0.061613667756319,0.5817286372184753,0.0500613041222095,0.7546549439430237,0.0285892207175493,0.0838282331824302,0.0613822825253009,0.0175452008843421,0.025053285062313,0.3905870914459228,0.0454866513609886,0.0499141179025173,0.9395802021026612
tambourine,0.0477489791810512,0.0495429188013076,0.9824461936950684,0.2639601230621338,0.3505664467811584,0.7881969213485718,0.0386900678277015,0.1621657013893127,0.0572151243686676,0.0325204730033874,0.0921379029750824,0.0475334636867046,0.0415728874504566,0.7066457867622375,0.9865482449531556,0.0653720200061798,0.3903655707836151,0.1896969676017761,0.9748605489730836,0.0905049592256546,0.9880471229553224,0.9587321281433104,0.0678143724799156,0.1058225855231285,0.4830137491226196,0.8620081543922424,0.9517121911048888,0.2555270791053772,0.0408366285264492,0.1631212383508682,0.0394121259450912,0.9566137194633484,0.1321311295032501,0.8107420802116394,0.0539340563118457,0.20396588742733,0.5178319215774536,0.0392354950308799,0.93372905254364,0.9752388596534728,0.4219473600387573,0.0247465558350086,0.992147982120514,0.8527319431304932,0.9780560731887816,0.066764660179615,0.2222433239221573,0.0721683204174041,0.3815861940383911,0.0328696072101593,0.8931428790092468,0.0680497363209724,0.0177636183798313,0.0362101048231124,0.2842653393745422,0.3090854287147522,0.4817846119403839,0.9856562614440918,0.0362738259136676,0.0563090518116951,0.0467438548803329,0.0515791103243827,0.8360907435417175,0.0344623401761055
triangle,0.0583533197641372,0.0899514779448509,0.1962110698223114,0.0276312250643968,0.0732163414359092,0.5095402598381042,0.0485510751605033,0.969838559627533,0.0696765407919883,0.0166672207415103,0.3268088400363922,0.1188285425305366,0.150655135512352,0.0230286587029695,0.98142009973526,0.0651560202240943,0.0695870220661163,0.8921087980270386,0.9910248517990112,0.2267555445432663,0.9733344316482544,0.9797144532203674,0.1543204486370086,0.0347789041697979,0.0525827519595623,0.9629555344581604,0.1081450060009956,0.073876678943634,0.072207435965538,0.2759673297405243,0.0558401420712471,0.9071567058563232,0.6909408569335938,0.1201457604765892,0.091177225112915,0.0413658060133457,0.3870758414268493,0.2007884234189987,0.9919915795326232,0.0346419066190719,0.3120853006839752,0.024342481046915,0.9949339032173156,0.9832709431648254,0.8895700573921204,0.115319550037384,0.0259538572281599,0.0819742083549499,0.1975702792406082,0.0692514330148696,0.9870263934135436,0.1328139305114746,0.0347262732684612,0.9605276584625244,0.0230992101132869,0.0674158781766891,0.0359390787780284,0.9893954396247864,0.4424152076244354,0.1002696529030799,0.9854053854942322,0.0897197276353836,0.0585443153977394,0.0521690919995307
trombone,0.9893119931221008,0.0419366732239723,0.1278486996889114,0.0689655616879463,0.0474707968533039,0.0290950424969196,0.0383541770279407,0.3097670078277588,0.0467714443802833,0.017016340047121,0.9756917357444764,0.0610459074378013,0.8799680471420288,0.0226494371891021,0.4435465633869171,0.3861933648586273,0.1966890543699264,0.0556003600358963,0.9689491987228394,0.0177154429256916,0.0812071934342384,0.9705756902694702,0.7483140230178833,0.163924440741539,0.2903759777545929,0.0882554426789283,0.0629177913069725,0.1959740370512008,0.1176283210515976,0.0931238085031509,0.5271279811859131,0.9849244952201844,0.1072440072894096,0.1402176171541214,0.0821443349123001,0.0737141445279121,0.9642432928085328,0.1357934325933456,0.9830403923988342,0.0557400621473789,0.0454578511416912,0.5225062370300293,0.3138416409492492,0.9718663692474364,0.0532185100018978,0.025151340290904,0.1719900369644165,0.088481418788433,0.1071908473968505,0.2124176025390625,0.0638731643557548,0.0287699289619922,0.0573633424937725,0.9890469908714294,0.0529680214822292,0.9536152482032776,0.026645828038454,0.9920605421066284,0.060616597533226,0.8675015568733215,0.0394676141440868,0.0638664811849594,0.0357258878648281,0.9805395603179932
drum,0.0228181239217519,0.0571790412068367,0.0349485799670219,0.0492727048695087,0.0370567664504051,0.1611478924751281,0.0244397688657045,0.0640689209103584,0.0269655529409647,0.023319374769926,0.0349851846694946,0.0582176558673381,0.0428240820765495,0.0404791161417961,0.9902366995811462,0.2917247712612152,0.4436809718608856,0.0373916439712047,0.9807596802711488,0.0205373484641313,0.9917500615119934,0.9855835437774658,0.1121877208352088,0.177435353398323,0.056826964020729,0.938230574131012,0.0284048430621624,0.4127629697322845,0.0641239285469055,0.0380640663206577,0.9220258593559264,0.983368456363678,0.1422571390867233,0.9201890230178832,0.689702570438385,0.0499172918498516,0.9740672707557678,0.1481568813323974,0.9826031923294068,0.9906831979751588,0.0509093478322029,0.0329624935984611,0.0457579679787159,0.8906463384628296,0.9177128076553344,0.0623410306870937,0.0793322548270225,0.9018409252166748,0.0993471816182136,0.0544922575354576,0.9829566478729248,0.0451683104038238,0.9566327333450316,0.2798453867435455,0.0227206796407699,0.2753222286701202,0.1002056822180748,0.0826131924986839,0.1160600632429122,0.0465704537928104,0.0277168918401002,0.0293078850954771,0.0235947594046592,0.0204601138830184
trumpet,0.9786524176597596,0.163860872387886,0.1128498166799545,0.0466366708278656,0.653864324092865,0.0898748785257339,0.14179028570652,0.1252807676792144,0.0430456809699535,0.0249510016292333,0.1169324964284896,0.1039626449346542,0.3866779208183288,0.2056330144405365,0.9160973429679872,0.0468887388706207,0.0474502891302108,0.0539685003459453,0.3690415322780609,0.1643597930669784,0.1622596979141235,0.9776071310043336,0.4711689949035644,0.1609625965356826,0.0834061875939369,0.2358784079551696,0.3238907754421234,0.0517053790390491,0.4311559796333313,0.0418344959616661,0.0381243117153644,0.9862193465232848,0.1613303422927856,0.277198314666748,0.0381985567510128,0.1336347609758377,0.9793765544891356,0.0498092286288738,0.978509247303009,0.4752210676670074,0.1473369151353836,0.9474917650222778,0.5601193904876709,0.9620760083198548,0.2831871509552002,0.0435571148991584,0.983557105064392,0.0283955596387386,0.7161989808082581,0.2209463715553283,0.0826598405838012,0.0611958317458629,0.5342740416526794,0.6490654945373535,0.4213778376579284,0.1956147849559784,0.0363152623176574,0.9845734238624572,0.0311257578432559,0.0793821960687637,0.9868284463882446,0.1413903981447219,0.0825420767068862,0.9635490775108336
violin,0.978192925453186,0.0178361199796199,0.0163819212466478,0.0371738038957119,0.9096329808235168,0.452479600906372,0.014155919663608,0.0333986617624759,0.173989325761795,0.0159015860408544,0.9833372235298156,0.0205111745744943,0.9521180987358092,0.0746740251779556,0.0188957471400499,0.0800632610917091,0.3614000976085663,0.1578018069267273,0.0658445283770561,0.3332700133323669,0.943252444267273,0.6367217898368835,0.1494047790765762,0.6538148522377014,0.0796380788087844,0.9928602576255798,0.8382068276405334,0.0365380384027957,0.0351964868605136,0.0210446286946535,0.0362494476139545,0.3312492072582245,0.0878370851278305,0.0279464721679687,0.038007665425539,0.046445146203041,0.9367309212684632,0.0219604391604661,0.5924888253211975,0.9540963768959044,0.0345863588154315,0.9891932606697084,0.9929432272911072,0.4750960767269134,0.9298820495605468,0.0593541003763675,0.0241841413080692,0.0153203541412949,0.0572167821228504,0.183290034532547,0.9910780787467957,0.0453343279659748,0.1444078981876373,0.0246789008378982,0.0140487579628825,0.0613760985434055,0.4185186922550201,0.9942781925201416,0.0374874882400035,0.0209905337542295,0.9811057448387146,0.1006358191370964,0.9637464284896852,0.1280833035707473
car,0.3681888878345489,0.033878955990076,0.0111256577074527,0.0173479486256837,0.7946945428848267,0.0232454109936952,0.8588962554931641,0.0235979426652193,0.154967576265335,0.0096284225583076,0.016707170754671,0.0401378571987152,0.0593785904347896,0.0196373332291841,0.0138272671028971,0.0375868454575538,0.2273730784654617,0.0525730960071086,0.0355875119566917,0.018208859488368,0.0190938990563154,0.9752660989761353,0.9691746830940248,0.3370937407016754,0.0507505312561988,0.0490360893309116,0.026055360212922,0.0282864328473806,0.090018130838871,0.3592007756233215,0.0269402787089347,0.0272295922040939,0.4351857900619507,0.6210411787033081,0.0305510256439447,0.0288811083883047,0.0780298709869384,0.0302971750497818,0.0220878850668668,0.0423674061894416,0.031988900154829,0.0252153016626834,0.0193521156907081,0.0300165377557277,0.0143978502601385,0.1463900953531265,0.025986909866333,0.9306631684303284,0.0392421372234821,0.0383169390261173,0.0236859265714883,0.0349906608462333,0.0152857638895511,0.0156465489417314,0.9856853485107422,0.0330071821808815,0.9827662706375122,0.0288282576948404,0.0234962031245231,0.0117703201249241,0.2013113051652908,0.0163598451763391,0.0232972726225852,0.0319927148520946
boat,0.0881676375865936,0.013385945931077,0.0114239547401666,0.0388101376593112,0.0709160342812538,0.0366549007594585,0.9906856417655944,0.3935418426990509,0.0197001993656158,0.1648433357477188,0.102918766438961,0.0267909821122884,0.0214804057031869,0.010310829617083,0.01701395586133,0.0469711236655712,0.0138371279463171,0.025335244834423,0.2861340343952179,0.1311958134174347,0.019645832479,0.0268287155777215,0.0530735962092876,0.0508294366300106,0.1130377799272537,0.0189589224755764,0.0245975013822317,0.0294516775757074,0.1399670392274856,0.9781939387321472,0.0724026262760162,0.0287985485047101,0.033251017332077,0.0242598038166761,0.0284247789531946,0.0192682910710573,0.514944851398468,0.0256484523415565,0.0144585445523262,0.0235390476882457,0.5551283359527588,0.0734209343791008,0.0551448091864585,0.2127931267023086,0.0263721346855163,0.012065534479916,0.0116337826475501,0.995660960674286,0.0129951946437358,0.2502118647098541,0.0471009016036987,0.2305478751659393,0.0125774964690208,0.0464902557432651,0.030757836997509,0.977672278881073,0.1337194889783859,0.1373258531093597,0.0805935636162757,0.7216712236404419,0.0144047467038035,0.0174050386995077,0.0105683840811252,0.8942463994026184
scooter,0.0282814335078001,0.0601810999214649,0.0617210380733013,0.1409223526716232,0.951090931892395,0.0400686077773571,0.9716139435768129,0.6206032037734985,0.0547154359519481,0.0209012720733881,0.0313170403242111,0.0914035215973854,0.0156497303396463,0.0512761734426021,0.0701706185936927,0.3470131754875183,0.989267647266388,0.132249042391777,0.0294402241706848,0.6818679571151733,0.5596910715103149,0.0110522899776697,0.9813457131385804,0.1025678962469101,0.0190624706447124,0.0173055436462163,0.0586651004850864,0.0455167517066001,0.0403495691716671,0.0505629740655422,0.0464902967214584,0.1492074280977249,0.0963141918182373,0.1134525835514068,0.0631321817636489,0.9558048844337464,0.0149298598989844,0.1820266097784042,0.0178619846701622,0.0206046365201473,0.0069490708410739,0.0201277341693639,0.0279084891080856,0.0108212046325206,0.0518035627901554,0.0244019664824008,0.0280380304902791,0.0238517224788665,0.0401019267737865,0.9513638615608216,0.0208829585462808,0.0238810647279024,0.0758970007300376,0.2187910974025726,0.0287519991397857,0.0566976591944694,0.9610646963119508,0.0197560731321573,0.8544273376464844,0.0610858798027038,0.019394589588046,0.0799583867192268,0.0550621338188648,0.014083576388657
motorbike,0.0183425601571798,0.124108962714672,0.2250155359506607,0.046357162296772,0.7771843671798706,0.0371856838464736,0.9824168682098388,0.0857051685452461,0.0212439969182014,0.0089944563806056,0.0340236276388168,0.0346503444015979,0.0194916650652885,0.0367204882204532,0.0365700311958789,0.0711689293384552,0.9767690896987916,0.1106053590774536,0.0246238056570291,0.951064109802246,0.0985417291522026,0.0166980791836977,0.957606077194214,0.259107768535614,0.0148697178810834,0.0281928479671478,0.04439203068614,0.2072866708040237,0.0331239216029644,0.0612614452838897,0.0333640947937965,0.3880967199802398,0.7767989635467529,0.0517525225877761,0.0302846021950244,0.80621737241745,0.0183979868888854,0.0731924995779991,0.2884290516376495,0.0296945851296186,0.0113099990412592,0.0288547948002815,0.0650639086961746,0.0239140726625919,0.0309563856571912,0.0174479931592941,0.0412580855190753,0.1058777496218681,0.0571832917630672,0.8937170505523682,0.0187612958252429,0.0137681700289249,0.1135953888297081,0.1277702152729034,0.0298400912433862,0.0637414678931236,0.946507692337036,0.0582487732172012,0.0684120282530784,0.1034338921308517,0.8975180983543396,0.0471194051206111,0.043626993894577,0.0227145515382289
bus,0.0249731335788965,0.0106503702700138,0.0185068193823099,0.989565372467041,0.1267751902341842,0.0209360048174858,0.937168538570404,0.077894702553749,0.5422235131263733,0.4394346475601196,0.0175867415964603,0.1226844638586044,0.0345150455832481,0.0104917893186211,0.0249489452689886,0.042927548289299,0.0473195128142833,0.0731748640537262,0.0203603077679872,0.4958985447883606,0.0142570305615663,0.0225395765155553,0.9919127225875854,0.0285275112837553,0.0231914781033992,0.0542786195874214,0.0376113280653953,0.0137998675927519,0.0809027329087257,0.9320713877677916,0.0904533416032791,0.0123957227915525,0.0156737901270389,0.0254004504531621,0.0339402519166469,0.071918748319149,0.0199233628809452,0.0312726162374019,0.0179470218718051,0.0257248133420944,0.0137718934565782,0.0237228833138942,0.0259815100580453,0.0144806765019893,0.0865466967225074,0.0230567175894975,0.1084604635834693,0.0200331900268793,0.0568239800632,0.0519657842814922,0.0122639434412121,0.015031230635941,0.0170374102890491,0.0175066124647855,0.9879003763198853,0.0889882296323776,0.009499154984951,0.0381638742983341,0.1936876475811004,0.0323217436671257,0.1461516171693802,0.0299630202353,0.1292201578617096,0.0108827836811542
truck,0.0347444042563438,0.0376951619982719,0.013222181238234,0.0199980735778808,0.0565943494439125,0.0170353725552558,0.9824816584587096,0.1091304421424865,0.5594892501831055,0.7242897748947144,0.3919584155082702,0.1149353086948394,0.9731378555297852,0.0072738090530037,0.0222409088164567,0.0415802896022796,0.0126932924613356,0.0413241684436798,0.027339719235897,0.0271570030599832,0.0248779281973838,0.0235725101083517,0.9893094301223756,0.4908975064754486,0.0218655634671449,0.0200839024037122,0.021830765530467,0.0361564569175243,0.1554330736398697,0.0328644849359989,0.0647656247019767,0.0129528669640421,0.379103422164917,0.0402543917298316,0.072596475481987,0.0323087498545646,0.0363385677337646,0.036004465073347,0.0303706396371126,0.021303741261363,0.7152786254882812,0.0462120287120342,0.030221352353692,0.2748119533061981,0.0247084069997072,0.0121403355151414,0.0148546239361166,0.0353351235389709,0.0194386932998895,0.3963964879512787,0.0224278457462787,0.5995343327522278,0.2417728006839752,0.0173171181231737,0.994667649269104,0.0529034323990345,0.0146832978352904,0.0398640446364879,0.399995893239975,0.0467154048383235,0.1069853603839874,0.0341956205666065,0.087863028049469,0.0461041256785392
van,0.0220552235841751,0.1076664328575134,0.0192657820880413,0.0932933241128921,0.7215037941932678,0.0404336526989936,0.9802905321121216,0.0329629108309745,0.0056693889200687,0.9005672931671143,0.0189291555434465,0.0357413552701473,0.0394726656377315,0.0092152506113052,0.0400509163737297,0.0277876481413841,0.0364451333880424,0.0632688850164413,0.091380126774311,0.0177573040127754,0.0584083683788776,0.010645386762917,0.9224283695220948,0.8539457321166992,0.2424171864986419,0.0785452052950859,0.0333004258573055,0.0116516593843698,0.5644424557685852,0.1358306854963302,0.0239817611873149,0.0277160089462995,0.0299979578703641,0.0163273345679044,0.0275139473378658,0.8973546624183655,0.2499132454395294,0.02169188298285,0.0252526570111513,0.0181608721613883,0.0104793114587664,0.0181176252663135,0.2779521048069,0.030931606888771,0.0315282270312309,0.051477525383234,0.0384084731340408,0.1209222301840782,0.0402951166033744,0.0712400451302528,0.0103671438992023,0.0088015235960483,0.0452748015522956,0.017759108915925,0.941912829875946,0.3365158140659332,0.2600069642066955,0.0486635379493236,0.0647656247019767,0.1798200905323028,0.0980557724833488,0.0157349687069654,0.0176902785897254,0.1285001784563064
trailer,0.0228530485183,0.0215646121650934,0.0197203457355499,0.2144641727209091,0.0342500880360603,0.1350538730621338,0.9915568828582764,0.0144249079748988,0.0151002192869782,0.995154857635498,0.3731653988361358,0.0500872321426868,0.0149888042360544,0.204451635479927,0.0085054142400622,0.0328295044600963,0.0173102878034114,0.0609764903783798,0.0329216234385967,0.0223716050386428,0.0321866273880004,0.0148602621629834,0.0287257637828588,0.1621129512786865,0.0365660712122917,0.8472556471824646,0.0777652487158775,0.0181237794458866,0.0110185733065009,0.021531842648983,0.0348178893327713,0.0117727220058441,0.0169018916785717,0.956109344959259,0.3859058320522308,0.6639232635498047,0.0294979587197303,0.024941949173808,0.0140197137370705,0.0990013033151626,0.7341580390930176,0.0496682338416576,0.0976336225867271,0.0097191222012043,0.9669856429100036,0.0403211116790771,0.0371838808059692,0.010787284001708,0.0251724272966384,0.0166636575013399,0.0165682677179574,0.1029979288578033,0.0306520462036132,0.031623862683773,0.4667161107063293,0.0231385938823223,0.9797316193580629,0.014753851108253,0.00956885330379,0.0115868123248219,0.1092632785439491,0.0612243227660656,0.0128294238820672,0.0046861707232892
submarine,0.0156767554581165,0.0709342360496521,0.0221243593841791,0.0125838825479149,0.0317819230258464,0.0575986355543136,0.981181025505066,0.4900142550468445,0.2916406095027923,0.960565745830536,0.2330490052700042,0.6142659783363342,0.2084910720586776,0.0099803423509001,0.0390464924275875,0.0267279893159866,0.0204432588070631,0.033510934561491,0.9822377562522888,0.0315969996154308,0.0645315796136856,0.0443913452327251,0.0174702927470207,0.0252087861299514,0.0137976221740245,0.0475410223007202,0.0211606193333864,0.0246159136295318,0.0492239966988563,0.0317113026976585,0.0284250508993864,0.0144347539171576,0.9832025170326232,0.0250688083469867,0.0212840549647808,0.0359293222427368,0.0261887069791555,0.0358961708843708,0.0194843057543039,0.0450228713452816,0.026399340480566,0.1253769248723983,0.0313272513449192,0.0143781462684273,0.5232409834861755,0.0396863520145416,0.0195993054658174,0.2184537500143051,0.0153413359075784,0.2841865122318268,0.0492630787193775,0.0418809950351715,0.0324087105691432,0.443448394536972,0.0200429167598485,0.944396674633026,0.0228872224688529,0.1636661291122436,0.059419572353363,0.9950345754623412,0.5283153057098389,0.4728911817073822,0.0456220880150795,0.641581654548645
bicycle,0.0608540847897529,0.0126861408352851,0.0298773236572742,0.2103836238384246,0.9662325978279114,0.2455000132322311,0.3083680868148803,0.3451228141784668,0.990674078464508,0.6807486414909363,0.0410668924450874,0.0136864790692925,0.0177337657660245,0.0113248908892273,0.0194828286767005,0.6239315271377563,0.992143988609314,0.0563014969229698,0.0119817079976201,0.0860074833035469,0.0494489558041095,0.0225254260003566,0.0921481773257255,0.0206757429987192,0.8047022223472595,0.0255282260477542,0.0821187794208526,0.0089153349399566,0.0054431715980172,0.9692094922065736,0.0303242523223161,0.0953664258122444,0.1084345504641532,0.1099826246500015,0.0878988355398178,0.9849832653999328,0.1347251534461975,0.0188429486006498,0.0423303917050361,0.0343827903270721,0.0082920417189598,0.0084330262616276,0.0503582395613193,0.0571637712419033,0.0065925163216888,0.0112170055508613,0.0252460166811943,0.0925561115145683,0.0538936108350753,0.0292375143617391,0.0260368771851062,0.015237957239151,0.012515714392066,0.0131733380258083,0.0247212927788496,0.0796486288309097,0.9904020428657532,0.0649491548538208,0.0423732362687587,0.0047808340750634,0.062671959400177,0.0124259321019053,0.0099018774926662,0.0214163959026336
go-cart,0.0133479628711938,0.0160521920770406,0.0091631226241588,0.0481246709823608,0.9918832778930664,0.0215006805956363,0.5457907915115356,0.0313527025282382,0.99064701795578,0.5382193922996521,0.0701189190149307,0.0277344174683094,0.0150958290323615,0.0217168815433979,0.0107363983988761,0.0157496184110641,0.9772439002990724,0.0243366993963718,0.5084783434867859,0.0363986305892467,0.0229457169771194,0.0280584245920181,0.0368764661252498,0.4302347898483276,0.1302538365125656,0.6224834322929382,0.0149335274472832,0.0517023876309394,0.0111494744196534,0.0055538238957524,0.0184458214789628,0.0392158962786197,0.0183816496282815,0.0275281183421611,0.9744099974632264,0.014697391539812,0.026575518772006,0.0264847986400127,0.1690411120653152,0.0647862032055854,0.1707436740398407,0.0315489657223224,0.9893454909324646,0.0136745413765311,0.0141320843249559,0.0920883417129516,0.0081485528498888,0.0045191338285803,0.006555731408298,0.0189433433115482,0.5496701598167419,0.0225281398743391,0.0099998572841286,0.019799480214715,0.0127119198441505,0.0057742372155189,0.7760128974914551,0.0363630950450897,0.0106577184051275,0.0144168231636285,0.0273310765624046,0.6637753248214722,0.0111839994788169,0.0065650669857859
helicopter,0.019008707255125,0.9947962164878844,0.0245501827448606,0.0256915129721164,0.0604186616837978,0.0164071582257747,0.9932251572608948,0.0509208254516124,0.051270879805088,0.0140693066641688,0.1477965414524078,0.0336631760001182,0.0312926806509494,0.0514461025595665,0.1982241719961166,0.1300106048583984,0.0453446470201015,0.0191867854446172,0.0790305882692337,0.056340467184782,0.1807469576597213,0.06279207020998,0.0222354028373956,0.0800963714718818,0.0250574313104152,0.0961382165551185,0.0187254417687654,0.0970531180500984,0.0162975694984197,0.7876715064048767,0.0301295574754476,0.0326189808547496,0.2975934445858001,0.4087328314781189,0.0389611162245273,0.909967303276062,0.0566147714853286,0.0195967722684144,0.0799895748496055,0.0356702841818332,0.7954638004302979,0.0203370656818151,0.9278178215026855,0.0153695773333311,0.0308528840541839,0.9592618942260742,0.0196845009922981,0.1044659912586212,0.0232593659311532,0.9012596011161804,0.1004103943705558,0.023112965747714,0.1582358479499817,0.0350936837494373,0.9526185989379884,0.0276996903121471,0.0177171267569065,0.154833510518074,0.0580958798527717,0.9923622608184814,0.2766961753368377,0.0257545821368694,0.0365678705275058,0.0170589685440063
hovercraft,0.047353945672512,0.0269592013210058,0.0215042978525161,0.0568179450929164,0.0544852539896965,0.0320529900491237,0.9832940101623536,0.2866598665714264,0.0100916922092437,0.0266283880919218,0.0212658736854791,0.2886378765106201,0.0525751523673534,0.0954431220889091,0.0376712456345558,0.0226015970110893,0.0197932571172714,0.1017197966575622,0.9882687330245972,0.0346236266195774,0.0145442234352231,0.0345931909978389,0.05867650359869,0.4840254783630371,0.0302560552954673,0.0202699601650238,0.0294300634413957,0.0387332364916801,0.212157666683197,0.7541695237159729,0.0242133885622024,0.0334012657403945,0.9837808609008788,0.0218878500163555,0.1619233191013336,0.6860681772232056,0.0292611494660377,0.2491180002689361,0.0234912652522325,0.0239595267921686,0.0158216655254364,0.0340332686901092,0.2674277126789093,0.8625515699386597,0.9524579048156738,0.0480231195688247,0.0239754822105169,0.1325758248567581,0.0362250655889511,0.5379005074501038,0.0273384135216474,0.0366363748908042,0.0757362768054008,0.0297035723924636,0.1825983226299286,0.0821486636996269,0.0164954755455255,0.0382419824600219,0.1729681193828582,0.99361914396286,0.1640115678310394,0.0309734530746936,0.0285111274570226,0.0408034063875675
jeep,0.0258845780044794,0.0170993618667125,0.014448219910264,0.0094185676425695,0.9529460668563844,0.0308648571372032,0.9898720383644104,0.0207493919879198,0.0783716738224029,0.0594199076294899,0.2390341758728027,0.0114138135686516,0.0198149345815181,0.0873468369245529,0.0303303208202123,0.0446494780480861,0.0252117868512868,0.0185506530106067,0.0198966600000858,0.038828507065773,0.1308989226818084,0.0214755050837993,0.9807766079902648,0.5129621624946594,0.0083726271986961,0.1048298552632331,0.0119450483471155,0.0370001718401908,0.0444050692021846,0.2578615844249725,0.0190308969467878,0.0461415909230709,0.062440913170576,0.0881637409329414,0.0305029712617397,0.1094826534390449,0.063085176050663,0.0123265879228711,0.0512198582291603,0.0438148118555545,0.942783772945404,0.0230691209435462,0.5964720845222473,0.1350268274545669,0.3864226639270782,0.0183439366519451,0.0197698231786489,0.0993878990411758,0.0142258154228329,0.0546236038208007,0.0993835851550102,0.1238067969679832,0.0350832529366016,0.9676387310028076,0.9932700991630554,0.1953064054250717,0.9852077960968018,0.5550380945205688,0.0239795409142971,0.6580883860588074,0.0608651489019393,0.014406737871468,0.0117742577567696,0.7996305823326111
cart,0.0103916777297854,0.0071301022544503,0.0219627320766448,0.0288944840431213,0.2060310691595077,0.0398385189473629,0.5299898386001587,0.0309409443289041,0.021822951734066,0.926401674747467,0.0477277040481567,0.9777262806892396,0.0273720398545265,0.0084071680903434,0.0259978789836168,0.0224200058728456,0.9923325777053832,0.7861867547035217,0.9869786500930786,0.0196288581937551,0.0761244297027587,0.0105819394811987,0.0432416312396526,0.3128182888031006,0.9796931743621826,0.1029336899518966,0.0515498891472816,0.1606709659099578,0.1172046139836311,0.0234400648623704,0.0195734594017267,0.0132248066365718,0.0229566395282745,0.026589848101139,0.0381899736821651,0.0332138277590274,0.0168825685977935,0.0400723628699779,0.0401396863162517,0.1478508412837982,0.9966212511062622,0.0300625301897525,0.0359836928546428,0.8807525634765625,0.0260878317058086,0.0938313901424408,0.013738359324634,0.0252033323049545,0.0224883519113063,0.0538502931594848,0.0097503429278731,0.031844113022089,0.010691151022911,0.0272488426417112,0.9710637331008912,0.0174673460423946,0.9771670699119568,0.0309440568089485,0.0330263711512088,0.7847656011581421,0.2407316416501999,0.0922313928604126,0.1436329483985901,0.0221828520298004
carriage,0.2519080340862274,0.2045947313308715,0.0254274010658264,0.0223724208772182,0.2616505920886993,0.0080238040536642,0.8717634081840515,0.0107083674520254,0.0111643206328153,0.9825711846351624,0.0143924988806247,0.0650429353117942,0.0889820829033851,0.0113740349188447,0.0080018891021609,0.0183725748211145,0.9841115474700928,0.6547990441322327,0.0163697842508554,0.0061132246628403,0.0296954028308391,0.0758912786841392,0.0201215017586946,0.0633021891117096,0.0304593201726675,0.1725538223981857,0.0308689344674348,0.0496354289352893,0.0396482720971107,0.8354161977767944,0.0349642969667911,0.0074019976891577,0.024647194892168,0.0521949492394924,0.0165837500244379,0.0093585159629583,0.0708659440279007,0.0818094909191131,0.4535335004329681,0.0117536699399352,0.9966290593147278,0.4809048473834991,0.0174498334527015,0.9939223527908324,0.0277555249631404,0.0304562989622354,0.0255411230027675,0.0580024532973766,0.0158332083374261,0.0168220195919275,0.8920980095863342,0.011304136365652,0.0086562531068921,0.0353658534586429,0.5538639426231384,0.0322785899043083,0.8820616006851196,0.0212971791625022,0.0072094532661139,0.0259600952267646,0.005850255023688,0.0065907058306038,0.2229200005531311,0.0669580325484275
(hot_air)_balloon,0.0167482458055019,0.993452787399292,0.010378798469901,0.010983295738697,0.0253129228949546,0.0168256480246782,0.3543797433376312,0.0225601736456155,0.0336960144340992,0.0172069538384675,0.0170362833887338,0.0200013574212789,0.0664189904928207,0.0117485420778393,0.0135019598528742,0.0213669575750827,0.1346813142299652,0.0222577042877674,0.0143872573971748,0.0501245409250259,0.0308310464024543,0.0358367934823036,0.0176229868084192,0.0333502404391765,0.988923966884613,0.0219875536859035,0.0179906655102968,0.0168392769992351,0.0854713097214698,0.0153459180146455,0.0465162210166454,0.0174484346061944,0.9864532351493835,0.6094034314155579,0.2369686365127563,0.0573930665850639,0.8054220080375671,0.4252194762229919,0.0422126874327659,0.0170080158859491,0.905173122882843,0.5404437184333801,0.0974028706550598,0.0412508994340896,0.0458631664514541,0.0131683852523565,0.0126188043504953,0.4974711835384369,0.0114745888859033,0.7869737148284912,0.0147996675223112,0.0287196710705757,0.7281526327133179,0.0156670976430177,0.0340970978140831,0.0266209933906793,0.9532377123832704,0.0131957968696951,0.0188165977597236,0.3460452854633331,0.0087488200515508,0.0099136279895901,0.0134661728516221,0.2476424872875213
subway_train,0.0238899309188127,0.1227525994181633,0.0151915736496448,0.9499063491821288,0.0283678509294986,0.0980862602591514,0.9753073453903198,0.0771850422024726,0.1567797362804412,0.0174647346138954,0.0282113123685121,0.983795166015625,0.0215438958257436,0.0263957865536212,0.0146702444180846,0.0254350788891315,0.0272384136915206,0.1088370084762573,0.1560258865356445,0.025952011346817,0.0682698413729667,0.0226457696408033,0.9578155279159546,0.0343845337629318,0.9939362406730652,0.0500996634364128,0.043853361159563,0.0169857870787382,0.0261540617793798,0.055728442966938,0.0311343800276517,0.0246243998408317,0.4068964421749115,0.1235457062721252,0.026930846273899,0.192821204662323,0.0498351864516735,0.052402377128601,0.0188684966415166,0.016103683039546,0.067705288529396,0.035431545227766,0.052863847464323,0.0192566439509391,0.052052367478609,0.9649653434753418,0.0619815289974212,0.0140115097165107,0.0470918677747249,0.0915590599179267,0.0476052723824977,0.0378803797066211,0.0274422597140073,0.1063400134444236,0.0313485600054264,0.0412448644638061,0.0108484588563442,0.0618372224271297,0.0173769835382699,0.1439190506935119,0.5390564799308777,0.8737930655479431,0.1403401046991348,0.0200519058853387
motorcycle,0.0183425601571798,0.124108962714672,0.2250155359506607,0.046357162296772,0.7771843671798706,0.0371856838464736,0.9824168682098388,0.0857051685452461,0.0212439969182014,0.0089944563806056,0.0340236276388168,0.0346503444015979,0.0194916650652885,0.0367204882204532,0.0365700311958789,0.0711689293384552,0.9767690896987916,0.1106053590774536,0.0246238056570291,0.951064109802246,0.0985417291522026,0.0166980791836977,0.957606077194214,0.259107768535614,0.0148697178810834,0.0281928479671478,0.04439203068614,0.2072866708040237,0.0331239216029644,0.0612614452838897,0.0333640947937965,0.3880967199802398,0.7767989635467529,0.0517525225877761,0.0302846021950244,0.80621737241745,0.0183979868888854,0.0731924995779991,0.2884290516376495,0.0296945851296186,0.0113099990412592,0.0288547948002815,0.0650639086961746,0.0239140726625919,0.0309563856571912,0.0174479931592941,0.0412580855190753,0.1058777496218681,0.0571832917630672,0.8937170505523682,0.0187612958252429,0.0137681700289249,0.1135953888297081,0.1277702152729034,0.0298400912433862,0.0637414678931236,0.946507692337036,0.0582487732172012,0.0684120282530784,0.1034338921308517,0.8975180983543396,0.0471194051206111,0.043626993894577,0.0227145515382289
rocket,0.0130018200725317,0.9629731178283693,0.0120489429682493,0.0249283369630575,0.0379688590764999,0.8514570593833923,0.9928663969039916,0.0315912216901779,0.1159145534038543,0.028809305280447,0.9947920441627502,0.0408120416104793,0.2594876289367676,0.0565441772341728,0.0146299479529261,0.0180754493921995,0.0306337531656026,0.0397816896438598,0.0242248829454183,0.0173714235424995,0.0316124968230724,0.0155616598203778,0.0280097890645265,0.4710315763950348,0.0343742072582244,0.0165098328143358,0.0167448911815881,0.0668500065803527,0.1484655886888504,0.0291209630668163,0.0188912488520145,0.0653925091028213,0.0456037074327468,0.0223210453987121,0.0171568784862756,0.3689009845256805,0.0476444065570831,0.0247790366411209,0.0290387365967035,0.0554579868912696,0.0277169458568096,0.2647827565670013,0.0457144305109977,0.0903210639953613,0.2103976458311081,0.0123443519696593,0.0118800196796655,0.0305148866027593,0.0303100515156984,0.2394439131021499,0.0490045249462127,0.0324409343302249,0.9784451127052308,0.650703489780426,0.2167285084724426,0.0497192814946174,0.0220526233315467,0.3093826174736023,0.0114969862625002,0.9941124320030212,0.2993350923061371,0.9710581302642822,0.0428437776863575,0.0211259424686431
skateboard,0.0425169058144092,0.0117639545351266,0.0281478259712457,0.1343754082918167,0.1050929352641105,0.0449218638241291,0.3234426081180572,0.0403357110917568,0.9894992113113404,0.0465124025940895,0.0297176372259855,0.1445477604866027,0.3085106611251831,0.0286381002515554,0.0230233371257781,0.0521047674119472,0.9929393529891968,0.0439206548035144,0.1136867403984069,0.0639286711812019,0.8922492265701294,0.0365886241197586,0.1231269240379333,0.4988991916179657,0.1832690984010696,0.077039934694767,0.0173845402896404,0.3371034860610962,0.9781216382980348,0.014214820228517,0.0191378444433212,0.0166170038282871,0.2018787562847137,0.064726136624813,0.0500612184405326,0.0972112938761711,0.0559076704084873,0.0511500872671604,0.0843090265989303,0.1555627435445785,0.0554905831813812,0.0384743139147758,0.2551140487194061,0.1091003939509391,0.354459136724472,0.0445415340363979,0.013110994361341,0.0234108660370111,0.0177802816033363,0.6432880163192749,0.04991115629673,0.3553928732872009,0.6483402848243713,0.0217079725116491,0.0527671426534652,0.0663762614130973,0.9957004189491272,0.0161092821508646,0.0286383628845214,0.0157462786883115,0.0799295380711555,0.0258564408868551,0.0219950191676616,0.5590857863426208
sled,0.0288190860301256,0.0332755371928215,0.0168861709535121,0.0357436016201972,0.0124094197526574,0.1527290493249893,0.2870154678821563,0.0297022052109241,0.7245307564735413,0.037869781255722,0.3508613109588623,0.1381552964448928,0.0173853877931833,0.0155846923589706,0.065906323492527,0.0339187867939472,0.9917215704917908,0.2974475622177124,0.4159239530563354,0.0257449634373188,0.8974797129631042,0.0279328990727663,0.0198654122650623,0.0448656864464283,0.2791906297206878,0.0302549488842487,0.0183135401457548,0.0242224168032407,0.036862526088953,0.6432705521583557,0.0289865229278802,0.0194353181868791,0.1506615877151489,0.0199870634824037,0.0211550928652286,0.0364908911287784,0.0670455917716026,0.0294827651232481,0.0114022940397262,0.0173342153429985,0.133362665772438,0.0119885001331567,0.0631492435932159,0.1734557449817657,0.9865782856941224,0.2541233599185943,0.0129533903673291,0.045333057641983,0.0323151089251041,0.933289349079132,0.1861537098884582,0.044553954154253,0.0687546581029892,0.0403472669422626,0.0227755308151245,0.0987685546278953,0.99048912525177,0.2999067902565002,0.0248311609029769,0.5220907330513,0.0966369435191154,0.0293756779283285,0.9925272464752196,0.9257899522781372
kick_scooter,0.0282814335078001,0.0601810999214649,0.0617210380733013,0.1409223526716232,0.951090931892395,0.0400686077773571,0.9716139435768129,0.6206032037734985,0.0547154359519481,0.0209012720733881,0.0313170403242111,0.0914035215973854,0.0156497303396463,0.0512761734426021,0.0701706185936927,0.3470131754875183,0.989267647266388,0.132249042391777,0.0294402241706848,0.6818679571151733,0.5596910715103149,0.0110522899776697,0.9813457131385804,0.1025678962469101,0.0190624706447124,0.0173055436462163,0.0586651004850864,0.0455167517066001,0.0403495691716671,0.0505629740655422,0.0464902967214584,0.1492074280977249,0.0963141918182373,0.1134525835514068,0.0631321817636489,0.9558048844337464,0.0149298598989844,0.1820266097784042,0.0178619846701622,0.0206046365201473,0.0069490708410739,0.0201277341693639,0.0279084891080856,0.0108212046325206,0.0518035627901554,0.0244019664824008,0.0280380304902791,0.0238517224788665,0.0401019267737865,0.9513638615608216,0.0208829585462808,0.0238810647279024,0.0758970007300376,0.2187910974025726,0.0287519991397857,0.0566976591944694,0.9610646963119508,0.0197560731321573,0.8544273376464844,0.0610858798027038,0.019394589588046,0.0799583867192268,0.0550621338188648,0.014083576388657
taxi,0.0719414055347442,0.0302828047424554,0.0155645087361335,0.0758240893483161,0.8907008171081543,0.0144557384774088,0.9822205901145936,0.0274669080972671,0.0255811065435409,0.0379979386925697,0.0155917033553123,0.2907655239105224,0.030650345608592,0.0246058106422424,0.0117590595036745,0.0183611456304788,0.3917551636695862,0.5159709453582764,0.0583186522126197,0.00823475420475,0.0411686599254608,0.0726285576820373,0.9721293449401855,0.9877322912216188,0.4005087614059448,0.0214410722255706,0.03480726480484,0.039122462272644,0.0134996874257922,0.0280829109251499,0.0185411050915718,0.02103928104043,0.6852284669876099,0.062214508652687,0.0300344694405794,0.2592572569847107,0.0461896210908889,0.066798947751522,0.0723921731114387,0.0983260869979858,0.7003360390663147,0.0654176324605941,0.0588056109845638,0.1862854808568954,0.1320601850748062,0.2550318241119385,0.0152618531137704,0.0109037104994058,0.0335391052067279,0.0721731558442115,0.0386234149336814,0.0117881316691637,0.0244798455387353,0.0136426081880927,0.9835470914840698,0.0110457986593246,0.0548176541924476,0.0355447828769683,0.0124955885112285,0.0097794141620397,0.0283123236149549,0.4589739441871643,0.4662668108940124,0.0207331851124763
tractor,0.0262672305107116,0.0873156413435936,0.0321385972201824,0.0166296083480119,0.7247194051742554,0.1228154823184013,0.9208509922027588,0.0500053130090236,0.0107322009280323,0.5787922739982605,0.2206069380044937,0.0130369598045945,0.430713415145874,0.0254974029958248,0.0756295472383499,0.0335224531590938,0.9760446548461914,0.064912162721157,0.9674409627914428,0.016715046018362,0.3182628154754638,0.3361682891845703,0.9888116121292114,0.0309944432228803,0.0663067698478698,0.1891129463911056,0.0210943315178155,0.0220523551106452,0.0451971590518951,0.0182576701045036,0.0447240434587001,0.0473313070833683,0.0557243414223194,0.1738559305667877,0.4616473615169525,0.9218155145645142,0.2187986671924591,0.0234893634915351,0.0720287561416626,0.4113418161869049,0.9537591338157654,0.1848934143781662,0.0394236668944358,0.0816907063126564,0.0318919345736503,0.0735504776239395,0.0687949284911155,0.0536762252449989,0.0233689416199922,0.0222883485257625,0.0615353547036647,0.1632958054542541,0.2476407885551452,0.0290603302419185,0.9899045825004578,0.0753674507141113,0.0106276143342256,0.0589650012552738,0.0742412656545639,0.9751780033111572,0.0385568849742412,0.0426148436963558,0.0120683358982205,0.0487895086407661
tram,0.2188376188278198,0.0419789254665374,0.018224673345685,0.9811883568763732,0.036560371518135,0.2046268731355667,0.9766998291015624,0.846958339214325,0.0403941795229911,0.0570531971752643,0.0312425810843706,0.591894805431366,0.2974036037921905,0.0109497038647532,0.0216011274605989,0.0270618498325347,0.8242942690849304,0.1186002865433693,0.0249941181391477,0.0142701175063848,0.0186520516872406,0.5654454827308655,0.984151005744934,0.0224859826266765,0.9742460250854492,0.0577397085726261,0.0254104398190975,0.0209778994321823,0.0518088638782501,0.0425473302602767,0.0896107405424118,0.0130129307508468,0.0244617201387882,0.4080186784267425,0.0613658241927623,0.0782206207513809,0.0253642313182353,0.0544569641351699,0.0143252909183502,0.0244260784238576,0.0243829488754272,0.021676680073142,0.1797569543123245,0.0203993171453475,0.3390989899635315,0.0299273114651441,0.0371708832681179,0.0348162278532981,0.0402654930949211,0.0454341359436512,0.0223250407725572,0.1266565173864364,0.2112288624048233,0.0257064681500196,0.0151557605713605,0.0877898707985878,0.0530601665377616,0.0245732869952917,0.033834058791399,0.0176160279661417,0.0534039065241813,0.0241790581494569,0.0212112478911876,0.0136812971904873
train,0.954318106174469,0.0180635713040828,0.0156196858733892,0.9840930700302124,0.0159601476043462,0.0459969192743301,0.9861306548118592,0.0461048558354377,0.0145498206838965,0.0290105827152729,0.9511613845825196,0.015446450561285,0.1050017774105072,0.0198880601674318,0.0125620272010564,0.0269204415380954,0.0116071449592709,0.0992862805724144,0.0304554980248212,0.0091403564438223,0.0511437021195888,0.0510604456067085,0.9446985125541688,0.0375598818063735,0.991790533065796,0.0281416792422533,0.0200332775712013,0.0340928398072719,0.0452122241258621,0.2170096784830093,0.0264562685042619,0.1276241987943649,0.0249410942196846,0.0306964106857776,0.0355352312326431,0.1899205297231674,0.2276982367038726,0.0206711199134588,0.0387491732835769,0.2052654325962066,0.0161343924701213,0.0804090052843093,0.0475921295583248,0.5105515122413635,0.2025984674692154,0.0332037173211574,0.0189211126416921,0.0262764785438776,0.0257294327020645,0.0301747135818004,0.0339848548173904,0.0226627569645643,0.0623608194291591,0.0111398268491029,0.017847754061222,0.0341803170740604,0.0077572837471961,0.1661682277917862,0.0123903360217809,0.1718391478061676,0.0209610816091299,0.0620472244918346,0.0168752018362283,0.7550082802772522
airplane,0.0361216999590396,0.4389190077781677,0.0123234298080205,0.0381179116666317,0.0186747852712869,0.1368499994277954,0.9819034337997437,0.0405346825718879,0.0432057902216911,0.0040492983534932,0.0587455444037914,0.1681030690670013,0.1846676617860794,0.005521974992007,0.0471737831830978,0.0273323282599449,0.0265229325741529,0.0863618329167366,0.005268623586744,0.0151301315054297,0.3735529482364654,0.0248648431152105,0.0457837842404842,0.0272298958152532,0.1143256872892379,0.0164903104305267,0.0207469630986452,0.0091490847989916,0.0105124628171324,0.9771966934204102,0.0942965298891067,0.0154580948874354,0.9881083369255066,0.7581662535667419,0.0361401848495006,0.9732046723365784,0.0242427606135606,0.0224898625165224,0.0128211723640561,0.2005262523889541,0.1969774514436721,0.0119288731366395,0.0392216444015502,0.288993090391159,0.01288428530097,0.0189911443740129,0.0183045025914907,0.0104331262409687,0.0187629405409097,0.0428293570876121,0.0217105112969875,0.0197612904012203,0.0256489124149084,0.0195850171148777,0.7659037709236145,0.0190257206559181,0.0134735787287354,0.1557516604661941,0.0427050665020942,0.0050440859049558,0.2095111608505249,0.8429730534553528,0.0210437662899494,0.9949835538864136
zeppelin,0.0464389286935329,0.9914715886116028,0.0168014243245124,0.0260803364217281,0.0092015201225876,0.2219397723674774,0.9903123378753662,0.0446466915309429,0.0097220046445727,0.0233235172927379,0.0284779816865921,0.0386155806481838,0.5417572259902954,0.0189587734639644,0.1006856337189674,0.0208072494715452,0.0487742386758327,0.9670408964157104,0.0277006477117538,0.0278935227543115,0.0214315485209226,0.0946530625224113,0.0101922322064638,0.0187619887292385,0.0930624008178711,0.0278913676738739,0.0176302287727594,0.0265835262835025,0.0148721626028418,0.1035737320780754,0.0664273202419281,0.0780971869826316,0.0353229418396949,0.8439685106277466,0.0311369094997644,0.2699065804481506,0.0819818302989006,0.0230398830026388,0.0298151355236768,0.4179280698299408,0.7820486426353455,0.1033621951937675,0.1884702444076538,0.0520086884498596,0.9474025368690492,0.631733775138855,0.0448556877672672,0.0163623858243227,0.0698248669505119,0.0241115894168615,0.0817404612898826,0.0175920072942972,0.2639014720916748,0.0283912941813468,0.0079604806378483,0.1467551440000534,0.5049253106117249,0.134364902973175,0.1582910865545272,0.9932878613471984,0.0450491942465305,0.0274737104773521,0.0289224237203598,0.9844351410865784
bazooka,0.0751073062419891,0.0261325761675834,0.0321303606033325,0.0259207561612129,0.0257129352539777,0.9771313071250916,0.1022210717201232,0.0183314960449934,0.9915109276771544,0.1023818701505661,0.0953051522374153,0.0308067724108696,0.9787386059761048,0.5459480881690979,0.0239698532968759,0.026833739131689,0.0366034097969532,0.0567036420106887,0.9872450232505798,0.0630799680948257,0.984509527683258,0.0922149345278739,0.0595620200037956,0.0359256714582443,0.1101113408803939,0.0260073132812976,0.0192205999046564,0.0413856841623783,0.0331633910536766,0.0317842401564121,0.0239961966872215,0.0452305078506469,0.1027934551239013,0.0477649718523025,0.0201747026294469,0.0856673419475555,0.029187312349677,0.0401679314672946,0.0133644063025712,0.9944977164268494,0.0690286755561828,0.0310430731624364,0.0581872276961803,0.1361348330974578,0.2638901472091675,0.995524764060974,0.4583235681056976,0.0270233154296875,0.1019289791584014,0.0454762317240238,0.9915899634361268,0.9935657382011414,0.0455827414989471,0.071223460137844,0.0527749136090278,0.0488656908273696,0.0203489046543836,0.3546180725097656,0.97945898771286,0.9427044987678528,0.0188389867544174,0.0626083835959434,0.0870919376611709,0.0430834256112575
knuckle_dusters,0.0428390875458717,0.0322644561529159,0.0328784547746181,0.0221586730331182,0.0352022610604763,0.9856017231941224,0.0308939646929502,0.0340449102222919,0.9695733189582824,0.0330242030322551,0.0142056755721569,0.0395468361675739,0.0357658937573432,0.0075402264483273,0.987478494644165,0.039139986038208,0.0245998874306678,0.0564338974654674,0.0335626751184463,0.7224178910255432,0.9138407111167908,0.1288304924964904,0.1977114975452423,0.0656359046697616,0.0425903499126434,0.0367133170366287,0.0310789234936237,0.4080880284309387,0.220963105559349,0.0346954874694347,0.0243632979691028,0.022296130657196,0.05511374771595,0.0541857630014419,0.0196710843592882,0.1860282570123672,0.9946526288986206,0.0306563135236501,0.5242181420326233,0.9756927490234376,0.015747120603919,0.0235716439783573,0.6219014525413513,0.0362016484141349,0.9432342052459716,0.0127827245742082,0.0176505893468856,0.0735658481717109,0.0346655584871768,0.060024656355381,0.9688099026679992,0.975881814956665,0.4382125735282898,0.0982942134141922,0.0531545728445053,0.2596296668052673,0.0134110460057854,0.0395203121006488,0.0245182756334543,0.0220994669944047,0.8381692171096802,0.1471046060323715,0.0678004324436187,0.0199428424239158
bow,0.0252078063786029,0.0331065692007541,0.0249863192439079,0.0242218058556318,0.0285680275410413,0.9075334072113036,0.0326329134404659,0.0402012318372726,0.9940862655639648,0.0207560341805219,0.937949538230896,0.0483097247779369,0.9588134288787842,0.0180304534733295,0.941620707511902,0.054997619241476,0.0122481733560562,0.0300833024084568,0.0087091531604528,0.9900051951408386,0.9833356142044068,0.040353950113058,0.1382262110710144,0.0240129884332418,0.0722104012966156,0.9936005473136902,0.0183039754629135,0.0232549384236335,0.0220589321106672,0.0150675261393189,0.1507271528244018,0.0396753214299678,0.0292284172028303,0.0420707166194915,0.0390104763209819,0.0316056236624717,0.5666887164115906,0.027687806636095,0.046515267342329,0.0197621826082468,0.3020735681056976,0.6295852661132812,0.0291503760963678,0.0129345040768384,0.0106583973392844,0.0346226505935192,0.0121064567938447,0.0186307840049266,0.0175407566130161,0.0652694404125213,0.6772527098655701,0.991930902004242,0.0302957911044359,0.2554073333740234,0.0360309407114982,0.0293654147535562,0.0176053140312433,0.0602011680603027,0.0434050932526588,0.9619953632354736,0.1483479291200637,0.9443991780281068,0.0123618999496102,0.0174604710191488
dagger,0.0428390875458717,0.0322644561529159,0.0328784547746181,0.0221586730331182,0.0352022610604763,0.9856017231941224,0.0308939646929502,0.0340449102222919,0.9695733189582824,0.0330242030322551,0.0142056755721569,0.0395468361675739,0.0357658937573432,0.0075402264483273,0.987478494644165,0.039139986038208,0.0245998874306678,0.0564338974654674,0.0335626751184463,0.7224178910255432,0.9138407111167908,0.1288304924964904,0.1977114975452423,0.0656359046697616,0.0425903499126434,0.0367133170366287,0.0310789234936237,0.4080880284309387,0.220963105559349,0.0346954874694347,0.0243632979691028,0.022296130657196,0.05511374771595,0.0541857630014419,0.0196710843592882,0.1860282570123672,0.9946526288986206,0.0306563135236501,0.5242181420326233,0.9756927490234376,0.015747120603919,0.0235716439783573,0.6219014525413513,0.0362016484141349,0.9432342052459716,0.0127827245742082,0.0176505893468856,0.0735658481717109,0.0346655584871768,0.060024656355381,0.9688099026679992,0.975881814956665,0.4382125735282898,0.0982942134141922,0.0531545728445053,0.2596296668052673,0.0134110460057854,0.0395203121006488,0.0245182756334543,0.0220994669944047,0.8381692171096802,0.1471046060323715,0.0678004324436187,0.0199428424239158
rifle,0.0608794726431369,0.0389718562364578,0.0664977580308914,0.0193929057568311,0.0552081130445003,0.9906617999076844,0.022084791213274,0.0465656705200672,0.9948445558547974,0.0246500167995691,0.1353096663951873,0.0249820686876773,0.0173112209886312,0.9163909554481506,0.9855742454528807,0.0425823032855987,0.009706912562251,0.0412277281284332,0.0228941924870014,0.9899858832359314,0.9714400172233582,0.0377338230609893,0.0439230762422084,0.029540617018938,0.0313157588243484,0.0471798069775104,0.0342399552464485,0.0773619040846824,0.0469033941626548,0.0291208662092685,0.0965915843844413,0.314115971326828,0.0517015568912029,0.0996551439166069,0.0409494377672672,0.0356761962175369,0.0430825240910053,0.023062840104103,0.0166008509695529,0.995275855064392,0.0346494801342487,0.0289560481905937,0.0164803974330425,0.0860782042145729,0.0302593167871236,0.993410050868988,0.6862918138504028,0.1573397666215896,0.0437574945390224,0.0341397449374198,0.989624321460724,0.2709506154060364,0.0618476532399654,0.1423409134149551,0.0360868200659751,0.0694351121783256,0.7317880392074585,0.8172860741615295,0.983773946762085,0.0389809682965278,0.084610603749752,0.0231467373669147,0.3421842455863952,0.0508360862731933
grenade,0.1708393543958664,0.0398753359913826,0.2073003351688385,0.0236896909773349,0.0725816115736961,0.9821534752845764,0.0166635792702436,0.0199286714196205,0.9903302192687988,0.0246254540979862,0.0222869031131267,0.0181060321629047,0.0906558632850647,0.9308860301971436,0.1224813684821128,0.0353075675666332,0.0227018035948276,0.0298360120505094,0.8138874173164368,0.9824362993240356,0.2458043396472931,0.0266654547303915,0.0512575730681419,0.1118471249938011,0.0230396203696727,0.8275711536407471,0.0171518381685018,0.0655769854784011,0.0292243659496307,0.0440129116177558,0.0222326051443815,0.0257326662540435,0.1480778753757476,0.0612851679325103,0.0218276940286159,0.2108072191476822,0.9673142433166504,0.0232916418462991,0.4274660050868988,0.9897934198379515,0.0463498905301094,0.978725790977478,0.983052372932434,0.0293511804193258,0.9911750555038452,0.9779335260391236,0.1980549395084381,0.2434741556644439,0.051083106547594,0.0414912216365337,0.0536829568445682,0.9855592250823976,0.0767311379313469,0.8404321670532227,0.0442387200891971,0.537362277507782,0.0261647105216979,0.0518559589982032,0.9541903734207152,0.0587965287268161,0.0582476072013378,0.0502425022423267,0.0172764081507921,0.1291955411434173
canon,0.0587350726127624,0.0266977977007627,0.0311824064701795,0.0215489473193883,0.0231067053973674,0.9883400201797484,0.0366487875580787,0.0198062695562839,0.9918334484100342,0.0381325483322143,0.8981888890266418,0.0825938805937767,0.070864051580429,0.1134525388479232,0.0189603511244058,0.2494594603776931,0.0303090140223503,0.0122075639665126,0.6246787905693054,0.9753764271736144,0.9616584181785583,0.2130609452724456,0.2752503156661987,0.0240249820053577,0.1562689244747162,0.4741775095462799,0.0186179503798484,0.1161337345838546,0.1148206070065498,0.0223003756254911,0.0765897631645202,0.044935468584299,0.080384187400341,0.1272100508213043,0.0500032864511013,0.0214957110583782,0.0265007894486188,0.0302042067050933,0.0237359683960676,0.98811137676239,0.9910839796066284,0.0303533747792243,0.9642061591148376,0.5205211043357849,0.976889431476593,0.9931291341781616,0.0282216593623161,0.0258726049214601,0.0265948474407196,0.0392309576272964,0.0892236232757568,0.9895917773246764,0.0917239412665367,0.1398309469223022,0.0213058367371559,0.0457213595509529,0.0192503985017538,0.6839509606361389,0.9851555228233336,0.5864723920822144,0.0468724966049194,0.1053176894783973,0.0348232388496398,0.0267197452485561
slingshot,0.0176157485693693,0.027675986289978,0.0113563053309917,0.0105815157294273,0.0140553377568721,0.8299319744110107,0.9746726751327516,0.0115591147914528,0.9834163188934326,0.0293868854641914,0.0184798501431942,0.0303245186805725,0.6440415978431702,0.7433584332466125,0.4242580235004425,0.0107203153893351,0.0216899160295724,0.1684477776288986,0.03048593737185,0.9886032342910768,0.9642072916030884,0.0593086034059524,0.9716362357139589,0.0176126807928085,0.0157811604440212,0.9978197813034058,0.0159432478249073,0.0186778418719768,0.1029301583766937,0.02670737542212,0.0157478228211402,0.0092885447666049,0.0159666333347558,0.0160202011466026,0.0122461374849081,0.0744332447648048,0.0351602360606193,0.0222609415650367,0.0880610346794128,0.0144420769065618,0.042347926646471,0.0335998684167861,0.0749283209443092,0.010648145340383,0.0083478484302759,0.0550138168036937,0.1780189871788025,0.0573700554668903,0.0661291852593422,0.0180435497313737,0.9367209672927856,0.9904766082763672,0.0166581328958272,0.0141809489578008,0.0142565267160534,0.0220415852963924,0.9175889492034912,0.227294772863388,0.5528413653373718,0.1519038528203964,0.0605577155947685,0.0480643957853317,0.2054619789123535,0.0274144262075424
club,0.2156172543764114,0.157559722661972,0.0467284172773361,0.0264245253056287,0.0305857099592685,0.7682834267616272,0.0427229292690753,0.061909582465887,0.9809629917144777,0.0145847517997026,0.4138044118881225,0.4815296232700348,0.0216771550476551,0.8536705374717712,0.987265944480896,0.0366418845951557,0.0217718910425901,0.0391363129019737,0.5381836295127869,0.9835988283157348,0.9830886721611024,0.0532221123576164,0.0382279008626937,0.0178179964423179,0.924866259098053,0.9943568110466005,0.073953740298748,0.1703706979751587,0.0810781344771385,0.0895730778574943,0.0683456882834434,0.1446327418088913,0.0654122084379196,0.090449221432209,0.0350912511348724,0.0303044728934764,0.0252797659486532,0.0798952281475067,0.0344594679772853,0.0449685417115688,0.9029790759086608,0.0487952828407287,0.1661098152399063,0.3553521931171417,0.6549828052520752,0.7931196093559265,0.7744899392127991,0.1706141531467437,0.0724908858537674,0.1038823947310447,0.9650516510009766,0.7106080055236816,0.0295813363045454,0.0150399161502718,0.0282453875988721,0.0699598714709281,0.0281707886606454,0.096908800303936,0.0380533635616302,0.0280495043843984,0.0690212249755859,0.0349807105958461,0.9952325224876404,0.016667915508151
machine_gun,0.08348049223423,0.0231399126350879,0.1246451735496521,0.0769270732998848,0.0381467975676059,0.9825528860092164,0.0190390478819608,0.0262416936457157,0.9923419952392578,0.2036571204662323,0.0286155361682176,0.0265709552913904,0.0348399430513381,0.9781649708747864,0.1734169721603393,0.0388100109994411,0.7836564183235168,0.0441135577857494,0.6598145961761475,0.9674609303474426,0.9921746850013732,0.0111132888123393,0.0581280328333377,0.0276050753891468,0.0245419684797525,0.0419013798236846,0.0141092743724584,0.0773772522807121,0.0383319817483425,0.0288710352033376,0.0262714214622974,0.5811732411384583,0.0486858822405338,0.0420286655426025,0.0350467897951602,0.0393421165645122,0.0643148347735405,0.0233051497489213,0.0760498121380806,0.9943839311599731,0.0153546389192342,0.0480573698878288,0.0627415105700492,0.0097893700003623,0.0980138182640075,0.990145742893219,0.0222716443240642,0.0290619246661663,0.0374081023037433,0.0566599443554878,0.9871371984481812,0.9877803325653076,0.0395848006010055,0.0232969149947166,0.4510850310325622,0.0256831217557191,0.0292652752250432,0.0467533618211746,0.9689424633979796,0.0838036462664604,0.0290894247591495,0.1885398626327514,0.0240176878869533,0.0263420436531305
pistol,0.1076685264706611,0.0613487772643566,0.0341355614364147,0.0441296994686126,0.2092443853616714,0.9912533164024352,0.2005751878023147,0.0237789656966924,0.9868795275688172,0.0169618315994739,0.1169954463839531,0.0599191226065158,0.0228180531412363,0.962588906288147,0.4384302198886871,0.0408559441566467,0.0153796328231692,0.0587943941354751,0.0086116790771484,0.9864528775215148,0.8685457110404968,0.2718868553638458,0.0867519006133079,0.0397896133363246,0.0429408214986324,0.0214244332164526,0.0316324494779109,0.0316916331648826,0.0810097754001617,0.0839984640479087,0.0464563108980655,0.0254944767802953,0.0431739278137683,0.0798640400171279,0.0481093600392341,0.0705216079950332,0.0342345163226127,0.036112081259489,0.8936979174613953,0.9942612648010254,0.074404202401638,0.3400978147983551,0.6518225073814392,0.015568877570331,0.0150733655318617,0.994974970817566,0.0404015704989433,0.0341829247772693,0.0939980745315551,0.0359992608428001,0.7972020506858826,0.9481713771820068,0.045719489455223,0.0169702041894197,0.0323656536638736,0.0615849718451499,0.9418299198150636,0.0331431776285171,0.99261873960495,0.0219863131642341,0.0214918032288551,0.0225143264979124,0.4790885746479034,0.0141397388651967
shield,0.0202132537961006,0.0269049555063247,0.4195452630519867,0.0873395353555679,0.0205051358789205,0.218299925327301,0.0296999402344226,0.0648095905780792,0.991200864315033,0.0329307317733764,0.9920346140861512,0.0314442068338394,0.0978556126356124,0.7096636295318604,0.0213843844830989,0.0352112166583538,0.0166275799274444,0.0368416495621204,0.9883034229278564,0.5742887854576111,0.9622949361801147,0.0628530085086822,0.035396009683609,0.0196185503154993,0.0585523657500743,0.9907457828521729,0.0236319825053215,0.8039581775665283,0.1492683887481689,0.0370609611272811,0.0303710773587226,0.5235917568206787,0.0365552455186843,0.1363604366779327,0.0486573837697505,0.0186828877776861,0.2369347959756851,0.0778525099158287,0.0269522909075021,0.0298289023339748,0.1291432529687881,0.438150554895401,0.0540451481938362,0.1185190379619598,0.9925673007965088,0.0353483892977237,0.2076128274202346,0.0526855252683162,0.0242663528770208,0.1057829931378364,0.9063032865524292,0.9811749458312988,0.0202146004885435,0.1053146347403526,0.0113098816946148,0.0235474612563848,0.02563844807446,0.0247572548687458,0.0173350609838962,0.2825189232826233,0.8139225244522095,0.0208908375352621,0.0386407673358917,0.0309867691248655
spear,0.9798151254653932,0.0393540374934673,0.0304524488747119,0.0304423347115516,0.0690607950091362,0.0730786249041557,0.0319508090615272,0.0240383464843034,0.9935333728790284,0.1300238072872162,0.0357298217713832,0.0220318678766489,0.8579011559486389,0.0405062735080719,0.9926929473876952,0.0564359501004219,0.0147330360487103,0.0158762726932764,0.0231104288250207,0.9793668389320374,0.9863985180854796,0.0174855068325996,0.0613393299281597,0.089119054377079,0.0210710708051919,0.9741647839546204,0.0129973217844963,0.0253621414303779,0.0236414410173892,0.0202788617461919,0.0271916519850492,0.0497616082429885,0.9790835976600648,0.6345130801200867,0.0248811952769756,0.0392291322350502,0.0907115489244461,0.0189858693629503,0.0150870271027088,0.1774380356073379,0.067838117480278,0.2719729840755462,0.4303172528743744,0.038927286863327,0.5217909812927246,0.0461010001599788,0.0076110982336103,0.0304617136716842,0.0228879414498806,0.0244467388838529,0.9864591360092164,0.9903201460838318,0.756179690361023,0.0523908212780952,0.7209475636482239,0.0535554960370063,0.0327981859445571,0.0736736506223678,0.0191473215818405,0.0487456247210502,0.0107803968712687,0.0260767303407192,0.0078680589795112,0.0186333153396844
stick,0.0404527932405471,0.0720436871051788,0.2410060763359069,0.0222837440669536,0.0532450638711452,0.0145720029249787,0.7156289219856262,0.0393951535224914,0.9884130358695984,0.1381850987672805,0.0401497520506382,0.042478822171688,0.0338744521141052,0.0369918718934059,0.9579289555549622,0.0223019141703844,0.0333685390651226,0.0255438163876533,0.0675764307379722,0.8775563836097717,0.9887638092041016,0.13787142932415,0.0282014179974794,0.0267962403595447,0.0334103442728519,0.9933391213417052,0.0295985899865627,0.0403719618916511,0.0138948960229754,0.0302620306611061,0.0206028204411268,0.7661694288253784,0.050356950610876,0.0259930789470672,0.0363812036812305,0.0388748534023761,0.279368132352829,0.068359687924385,0.0458425357937812,0.0195564404129982,0.0411714911460876,0.2886249423027038,0.0139201125130057,0.0397304072976112,0.0534251853823661,0.0443288385868072,0.9868582487106324,0.0198188200592994,0.4613235592842102,0.0393984206020832,0.9922066330909728,0.9681673049926758,0.1482206732034683,0.1312161237001419,0.0786906108260154,0.0350218452513217,0.0197588521987199,0.0731460154056549,0.0134825138375163,0.065675638616085,0.0222272370010614,0.0323958545923233,0.9241020083427428,0.6821065545082092
tank,0.2630895376205444,0.0522544421255588,0.0141083924099802,0.0570878461003303,0.0863915011286735,0.7754763960838318,0.1753113865852356,0.0361645594239234,0.9938874840736388,0.3110520839691162,0.8107727766036987,0.077297605574131,0.5781809687614441,0.1075024604797363,0.0139106968417763,0.0286760032176971,0.0270017273724079,0.0552445650100708,0.0309124123305082,0.98747581243515,0.1672925353050232,0.4548228085041046,0.0633322745561599,0.06860863417387,0.0438628531992435,0.0128176296129822,0.0176820922642946,0.1464157551527023,0.0334875136613845,0.0246085189282894,0.0353577211499214,0.0399697609245777,0.1884707361459732,0.0897668972611427,0.0534968748688697,0.0907933562994003,0.01972596347332,0.0363042429089546,0.0178166683763265,0.9955249428749084,0.9916826486587524,0.9835706949234008,0.0145794814452528,0.320704847574234,0.989612638950348,0.9949758052825928,0.037088930606842,0.0553381405770778,0.0259690266102552,0.0341465845704078,0.9666955471038818,0.9883594512939452,0.0390093885362148,0.0413793958723545,0.1548307538032531,0.0317722707986831,0.051537849009037,0.0777322724461555,0.207217201590538,0.986672043800354,0.0199108459055423,0.0514426454901695,0.0225695576518774,0.0279200822114944
double_barrelled_shotgun,0.0556704923510551,0.0322840176522731,0.0120353046804666,0.0296165812760591,0.0142550682649016,0.9938591122627258,0.0193752236664295,0.1920289546251297,0.9903953671455384,0.3302858173847198,0.0401133298873901,0.0326327010989189,0.1037250608205795,0.0700581893324852,0.9907777309417723,0.0396719463169574,0.0356214866042137,0.0209921915084123,0.0870844349265098,0.9817060828208924,0.9235447645187378,0.0246643126010894,0.0589262843132019,0.0143868718296289,0.047282438725233,0.2834223210811615,0.0109397117048501,0.1113474145531654,0.0126176523044705,0.0159717891365289,0.055502712726593,0.1617401689291,0.1196888461709022,0.0832728669047355,0.0650311410427093,0.0316777266561985,0.0322291888296604,0.0198573730885982,0.031713280826807,0.9953266382217408,0.1896503120660781,0.0261249747127294,0.6414790153503418,0.9807721376419068,0.0226091891527175,0.9940967559814452,0.0130183584988117,0.0152940414845943,0.0158232469111681,0.4231593310832977,0.9895500540733336,0.9807277917861938,0.1154785826802253,0.9053810238838196,0.0321737900376319,0.0187052395194768,0.0089353201910853,0.4220393300056457,0.9786691665649414,0.110603742301464,0.1669317036867141,0.2809827327728271,0.0134869143366813,0.0767186358571052
sword,0.1005099117755889,0.0333808772265911,0.7675769329071045,0.0688314363360405,0.0952473580837249,0.9811385273933412,0.6018106341362,0.0423829033970832,0.9899352192878724,0.0405655056238174,0.2598298192024231,0.0391380414366722,0.3274702727794647,0.0331794507801532,0.9847419261932372,0.0519562177360057,0.1184942200779914,0.0201852675527334,0.0771610960364341,0.9659979939460754,0.9928989410400392,0.0591515116393566,0.0271853990852832,0.1095176190137863,0.1598019897937774,0.0196784380823373,0.021787866950035,0.1500067710876464,0.0424018949270248,0.0242224987596273,0.0330709889531135,0.4548991620540619,0.3871179819107055,0.0903847515583038,0.0494834929704666,0.0590395256876945,0.0990446805953979,0.0840645879507064,0.020334368571639,0.9774085879325868,0.2261660695075988,0.0777970254421234,0.8664931654930115,0.0732866823673248,0.9768416285514832,0.0370519161224365,0.0333377607166767,0.019907584413886,0.0504520907998085,0.3024300336837768,0.9943662881851196,0.988295078277588,0.0233382787555456,0.0304310731589794,0.0595606639981269,0.042770579457283,0.9835987091064452,0.036773856729269,0.0108597315847873,0.1151790469884872,0.0375448539853096,0.0922790020704269,0.1270280182361602,0.0800487473607063
whip,0.1120747774839401,0.0181092359125614,0.1020409241318702,0.0144474385306239,0.0118793938308954,0.8150410056114197,0.0655512288212776,0.055768646299839,0.991723358631134,0.1000434979796409,0.1845797896385193,0.0361177437007427,0.9579840302467346,0.5012954473495483,0.5770136117935181,0.0237488392740488,0.0112468088045716,0.2370080053806305,0.0179977528750896,0.9901532530784608,0.9900272488594056,0.0737319365143776,0.0280355028808116,0.0087562501430511,0.0481703206896781,0.0193969868123531,0.0240246355533599,0.0131726749241352,0.0301098953932523,0.0231306124478578,0.9303752779960632,0.0407707020640373,0.0279886666685342,0.0621313564479351,0.0349296629428863,0.0450068190693855,0.0341225378215312,0.411110907793045,0.0851008668541908,0.0198855698108673,0.030275760218501,0.0697053894400596,0.990994393825531,0.0236150659620761,0.0143887652084231,0.0567685887217521,0.9877526760101318,0.563897430896759,0.0400251112878322,0.3293744623661041,0.1135074570775032,0.987906575202942,0.0177115686237812,0.0386751890182495,0.0150509104132652,0.0661333054304122,0.2063823491334915,0.9365378618240356,0.2374051958322525,0.2360519915819168,0.0321477204561233,0.1631082892417907,0.1069434061646461,0.9908762574195862
anvil,0.087672933936119,0.030876588076353,0.074412390589714,0.0581432916224002,0.0219210069626569,0.2054567784070968,0.9422178864479064,0.0262123029679059,0.0622252151370048,0.2004832476377487,0.1709756106138229,0.0389249697327613,0.0238602254539728,0.4178541004657745,0.0862866640090942,0.0632057264447212,0.9865556955337524,0.0725217312574386,0.9947826266288756,0.9588605761528016,0.5362404584884644,0.0459601655602455,0.0256179980933666,0.0492115840315818,0.0473393835127353,0.9969133138656616,0.4775376617908478,0.8988783955574036,0.0674620792269706,0.039417814463377,0.1802154779434204,0.0678311958909034,0.5858837962150574,0.5852144360542297,0.0523556917905807,0.078521728515625,0.1853362023830413,0.9032415747642516,0.9866629242897034,0.3598849177360534,0.9258687496185304,0.981804370880127,0.0682485029101371,0.0684059858322143,0.9784370064735411,0.9936975836753844,0.0700472518801689,0.0346939042210578,0.07309290766716,0.0414490215480327,0.0414243154227733,0.0883489921689033,0.2346059530973434,0.0401390045881271,0.0400974825024604,0.0294492803514003,0.0432732179760932,0.1330307573080063,0.5803355574607849,0.8866469264030457,0.2165378779172897,0.0190697964280843,0.0509526096284389,0.8794885873794556
chisel,0.0216466970741748,0.0162872839719057,0.0102797402068972,0.7175295352935791,0.0310838762670755,0.0254512839019298,0.0116144279018044,0.9921234250068665,0.0255084577947855,0.2424056380987167,0.0268016513437032,0.0492179952561855,0.1037322580814361,0.0964080095291137,0.9657811522483826,0.0205647889524698,0.9585205912590028,0.0980751886963844,0.9959678649902344,0.8819003701210022,0.0219739358872175,0.0837470069527626,0.7568579912185669,0.0255353562533855,0.7373051643371582,0.034035887569189,0.0524097010493278,0.4638212025165558,0.9677351713180542,0.0185168199241161,0.1037081703543663,0.5732266306877136,0.0469075515866279,0.0193471182137727,0.0956307351589202,0.8847524523735046,0.0692759156227111,0.0361096747219562,0.979196846485138,0.2722412347793579,0.0257359184324741,0.06247079372406,0.3358281850814819,0.1197599843144416,0.3468503355979919,0.9893200397491456,0.0244860593229532,0.017684007063508,0.0815908387303352,0.0361549444496631,0.0389404147863388,0.0273812804371118,0.3298554420471191,0.0359055362641811,0.0167234800755977,0.0459833368659019,0.0178688690066337,0.093410424888134,0.9703962802886964,0.0089268619194626,0.0348354466259479,0.0234700385481119,0.0437153428792953,0.981723129749298
axe,0.3009601533412933,0.0217164512723684,0.3906071782112121,0.0247230399399995,0.050111785531044,0.0135243264958262,0.0253172405064106,0.0305601935833692,0.9815211892127992,0.0324782989919185,0.1326291859149933,0.0215913672000169,0.0450610630214214,0.9664104580879213,0.9898444414138794,0.0273726861923933,0.0956333354115486,0.0633962079882621,0.0188743844628334,0.6654675602912903,0.97889506816864,0.2346016019582748,0.0140084670856595,0.0248549468815326,0.0161442141979932,0.0169367156922817,0.0460359789431095,0.3229063153266907,0.0161454249173402,0.0268967896699905,0.0323535874485969,0.176447719335556,0.0276890527456998,0.0766991451382637,0.0253062769770622,0.0345957726240158,0.0361601710319519,0.0565829314291477,0.0136551521718502,0.0138098262250423,0.4458365738391876,0.0471271462738513,0.0107954088598489,0.147927314043045,0.9534597992897034,0.030355492606759,0.0269550886005163,0.0832060575485229,0.0855372697114944,0.0365957356989383,0.9796316027641296,0.9884301424026488,0.6847458481788635,0.99602472782135,0.0280490964651107,0.1107894405722618,0.3002225160598755,0.7984299659729004,0.0388555824756622,0.034797079861164,0.0488704368472099,0.0968892648816108,0.0679581239819526,0.0255604740232229
drill,0.9511185884475708,0.0669354423880577,0.0154435662552714,0.0629993751645088,0.030631985515356,0.7611963152885437,0.3995514512062073,0.5961471199989319,0.0368378162384033,0.0206716414541006,0.3265347182750702,0.1282898932695388,0.0325354263186454,0.0310880970209836,0.9932803511619568,0.0638661757111549,0.8044625520706177,0.0192194860428571,0.6286174058914185,0.986369490623474,0.017689349129796,0.1084276363253593,0.982149064540863,0.5663087368011475,0.0473206751048564,0.1183346658945083,0.0297731887549161,0.0467069707810878,0.3180615305900574,0.0254509150981903,0.0740413665771484,0.0192923638969659,0.226682037115097,0.0313520580530166,0.8202887773513794,0.0134474476799368,0.0303040463477373,0.0301348362118005,0.0125432657077908,0.0252999793738126,0.4384366869926452,0.0758795738220214,0.0098210554569959,0.0133675001561641,0.017593465745449,0.039396297186613,0.017866350710392,0.0310446489602327,0.0163815971463918,0.0421687997877597,0.0269628930836915,0.2000240236520767,0.0322860144078731,0.995091676712036,0.9943946599960328,0.1121905893087387,0.0117068486288189,0.1912250369787216,0.9942867159843444,0.1099155247211456,0.0550285913050174,0.0571289025247097,0.0306813959032297,0.9724019169807434
crowbar,0.2911020815372467,0.0366337932646274,0.0637358054518699,0.0453385263681411,0.0264805778861045,0.0118308402597904,0.8015395998954773,0.9648818969726562,0.1012938171625137,0.0372004434466362,0.025485772639513,0.0395526438951492,0.949807107448578,0.0405530557036399,0.3300123810768127,0.1439615339040756,0.6222137212753296,0.0460223667323589,0.9340388178825378,0.9124191403388976,0.1777693182229995,0.0341872759163379,0.4501087367534637,0.0356840454041957,0.1527315974235534,0.0282278936356306,0.0596655644476413,0.9867472648620604,0.0152913564816117,0.387114018201828,0.0285740885883569,0.0224556718021631,0.0357681587338447,0.0224160607904195,0.6225102543830872,0.0194938760250806,0.0304230526089668,0.0840630456805229,0.988517999649048,0.4312253594398498,0.0259790737181901,0.5109415054321289,0.0198361407965421,0.2594986259937286,0.031296070665121,0.9782147407531738,0.0116969505324959,0.0889572203159332,0.0224849972873926,0.2698828876018524,0.0202040337026119,0.1472628116607666,0.0221635550260543,0.1545048952102661,0.0527159608900547,0.0173317324370145,0.4928397238254547,0.0353954695165157,0.9276971817016602,0.7686999440193176,0.9946229457855223,0.9916983842849731,0.0457370802760124,0.9687551856040956
adjustable_spanner,0.4918426871299743,0.04615169018507,0.9849494695663452,0.0286507047712802,0.039932195097208,0.0188661385327577,0.0364997498691082,0.0195165518671274,0.0367036610841751,0.0346805490553379,0.018066057935357,0.5467202067375183,0.2647775709629059,0.0227002538740634,0.8549389243125916,0.7993570566177368,0.9841157793998718,0.0325542092323303,0.980581283569336,0.9232146739959716,0.8196874856948853,0.0242553427815437,0.0295120235532522,0.0439120046794414,0.980776071548462,0.0190055873245,0.1306242644786834,0.987418293952942,0.0757148340344429,0.6920720338821411,0.0198052264750003,0.044534433633089,0.0689061507582664,0.1718645989894867,0.9749021530151368,0.0281079784035682,0.0372534394264221,0.0348247326910495,0.9017248153686525,0.0796770006418228,0.9918825030326844,0.0202863626182079,0.4871129393577575,0.2230691909790039,0.5321028828620911,0.3747794032096863,0.045505192130804,0.0310954246670007,0.0200418680906295,0.1890197098255157,0.0130995102226734,0.1325086057186126,0.0268372055143117,0.432089239358902,0.0307430662214756,0.0474863685667514,0.5501470565795898,0.0368163362145423,0.807653546333313,0.9447625279426576,0.0272699743509292,0.1412150114774704,0.0345910601317882,0.0574087649583816
lawn_mower,0.0571326948702335,0.016370989382267,0.1243374198675155,0.0141342636197805,0.0128003433346748,0.1549195945262909,0.8115381002426147,0.0304413307458162,0.0152008580043911,0.29746013879776,0.9857800602912904,0.0341891050338745,0.1512563377618789,0.0984518676996231,0.992561399936676,0.8347972631454468,0.9770734310150146,0.0498672388494014,0.0260882582515478,0.0372860357165336,0.0434191860258579,0.0332998037338256,0.0266213715076446,0.0574413016438484,0.0252766497433185,0.927089273929596,0.0238697472959756,0.0912294313311576,0.2631580829620361,0.1082138866186142,0.0359796695411205,0.0185583028942346,0.3885715305805206,0.1202715560793876,0.0882209166884422,0.9144330024719238,0.0590612664818763,0.0216471310704946,0.0158535875380039,0.0216165445744991,0.0419056117534637,0.0613032691180706,0.020937530323863,0.0395857244729995,0.023610295727849,0.9671317934989928,0.0413891933858394,0.0585154145956039,0.0382246747612953,0.0885762795805931,0.0118376212194561,0.955402970314026,0.0415771342813968,0.9908151626586914,0.973387897014618,0.2157315015792846,0.0135194612666964,0.0768760740756988,0.993459939956665,0.972668468952179,0.0610814727842807,0.264843076467514,0.0543733276426792,0.1481552273035049
hammer,0.0855183079838752,0.113447405397892,0.565072774887085,0.976509690284729,0.5929446816444397,0.0259564295411109,0.0381033681333065,0.9927129149436952,0.0282396022230386,0.0601071640849113,0.1508756279945373,0.1263652145862579,0.0296037346124649,0.0787477567791938,0.9674621820449828,0.0973168537020683,0.9858757853507996,0.0259841848164796,0.1753104627132415,0.9698845148086548,0.1268015652894973,0.1645708084106445,0.0670206770300865,0.2886184155941009,0.3740104436874389,0.1962058991193771,0.0508834607899189,0.0612106435000896,0.0564885959029197,0.1152532622218132,0.065376304090023,0.0815104395151138,0.8830252885818481,0.1794254183769226,0.0732264369726181,0.0250618178397417,0.0423471741378307,0.0560976043343544,0.9877527952194214,0.127994880080223,0.0862162038683891,0.1327094882726669,0.2403986752033233,0.0393951050937175,0.0522721335291862,0.0272938050329685,0.0399842299520969,0.9577743411064148,0.0557344853878021,0.1893670260906219,0.0884810462594032,0.0242008417844772,0.0194766130298376,0.1305480301380157,0.4788002967834472,0.0832555592060089,0.0454774275422096,0.9001621007919312,0.9585425853729248,0.2470545321702957,0.8028133511543274,0.0365440063178539,0.0569561719894409,0.9747864007949828
clamp,0.0375125780701637,0.6861581802368164,0.9839848875999452,0.0786633938550949,0.034957505762577,0.3872039914131164,0.0433980636298656,0.9895841479301452,0.0416544340550899,0.1442124247550964,0.9419965147972108,0.547199010848999,0.0443536229431629,0.0964056402444839,0.9147974848747252,0.0632113069295883,0.9523264169692992,0.1295372545719146,0.6216403841972351,0.9649250507354736,0.7360129356384277,0.2394849509000778,0.0774393007159233,0.0829793065786361,0.0319289974868297,0.101472221314907,0.2615295648574829,0.064774677157402,0.040155928581953,0.0385660678148269,0.0554279759526252,0.0539483651518821,0.1986818015575409,0.0490233153104782,0.8606264591217041,0.0349268987774848,0.1479595452547073,0.148825004696846,0.9747506976127625,0.1115375384688377,0.4461232125759125,0.6311962008476257,0.07953841984272,0.0482358187437057,0.8154342770576477,0.040949672460556,0.086902879178524,0.1791339218616485,0.0588125884532928,0.1722189486026764,0.0321604236960411,0.0260895527899265,0.3440003991127014,0.020739123225212,0.1956022232770919,0.1625014990568161,0.0695541054010391,0.1735240668058395,0.9780561923980712,0.047032181173563,0.9935545921325684,0.443046361207962,0.1184550449252128,0.0316031947731971
pickaxe,0.0159552581608295,0.0537694543600082,0.0339649096131324,0.5187652707099915,0.2897127568721771,0.0528738759458065,0.0313552916049957,0.9873927235603333,0.744460940361023,0.0659486800432205,0.1917989701032638,0.0754275694489479,0.98928701877594,0.0159783046692609,0.4774810075759887,0.4458127021789551,0.982417106628418,0.045792419463396,0.9736613035202026,0.0487800687551498,0.093959666788578,0.0094284089282155,0.0226799268275499,0.1510367095470428,0.0399228110909462,0.0595916323363781,0.0285266544669866,0.0496395006775856,0.0404033847153186,0.291416585445404,0.074282206594944,0.0612833760678768,0.9202658534049988,0.5810149312019348,0.0423302091658115,0.0385359972715377,0.0169156026095151,0.0409084744751453,0.94620543718338,0.6049327850341797,0.1347489207983017,0.8553179502487183,0.3843141198158264,0.0284343212842941,0.0166329313069582,0.8198255300521851,0.0442070364952087,0.3474267125129699,0.0204922817647457,0.2129685431718826,0.116923913359642,0.1730756163597107,0.1041999533772468,0.0452474318444728,0.9877106547355652,0.0773173794150352,0.2219629883766174,0.0394252501428127,0.9232779741287231,0.9897026419639589,0.0161312520503997,0.934417486190796,0.0286932401359081,0.9795387387275696
wheelbarrow,0.0706928968429565,0.9728955626487732,0.1213232800364494,0.0847686380147934,0.6281203627586365,0.0257284007966518,0.0442163981497287,0.0329556241631507,0.1025935038924217,0.3523616790771484,0.9950172305107116,0.4652838408946991,0.1371447592973709,0.0212225075811147,0.9125213623046876,0.0493866838514804,0.9141369462013244,0.0299669727683067,0.0709736496210098,0.1453985422849655,0.2839456498622894,0.8953434228897095,0.0190501250326633,0.0202957894653081,0.0226274244487285,0.954471230506897,0.0397322438657283,0.0270181130617856,0.0113929454237222,0.6308275461196899,0.061172604560852,0.0392929390072822,0.0244989786297082,0.1257418543100357,0.8654258847236633,0.0399732850492,0.0324896499514579,0.094218797981739,0.0245077162981033,0.0283880941569805,0.9952640533447266,0.0356862731277942,0.0706797540187835,0.0643119066953659,0.0563305057585239,0.9207165241241456,0.2398595809936523,0.1012720540165901,0.0244877133518457,0.0482753403484821,0.043564673513174,0.7666308879852295,0.0214472766965627,0.0228860173374414,0.672527015209198,0.0169861540198326,0.9468482732772828,0.1684886068105697,0.9692810773849488,0.991981565952301,0.330494225025177,0.9614602327346802,0.0283516645431518,0.0271858237683773
knife,0.0285172313451766,0.0278867334127426,0.1113945171236991,0.1329437792301178,0.0177625603973865,0.7792202234268188,0.0397906340658664,0.9676286578178406,0.0152538642287254,0.1375688016414642,0.0364118665456771,0.029874287545681,0.040944043546915,0.0255799833685159,0.9613616466522216,0.3103234469890594,0.9849182963371276,0.0530263856053352,0.0176279321312904,0.5528767108917236,0.0190437175333499,0.0401587709784507,0.0214931350201368,0.2833477556705475,0.0529363602399826,0.0847271382808685,0.0682030320167541,0.9296184182167052,0.9939591884613036,0.9535024762153624,0.0255558062344789,0.0511707030236721,0.0446066595613956,0.0474656894803047,0.0158604923635721,0.1754937767982483,0.1095599457621574,0.0245527736842632,0.0646963790059089,0.0357843413949012,0.3011558055877685,0.0878263637423515,0.4331614971160888,0.0166506748646497,0.1683231890201568,0.0411172285676002,0.1646426022052765,0.1555893123149871,0.0554526783525943,0.0451331473886966,0.019682627171278,0.0326473899185657,0.8878520131111145,0.0258521698415279,0.1584081649780273,0.0639546886086463,0.0175299793481826,0.0413983687758445,0.9917425513267516,0.036815870553255,0.7832953929901123,0.9806305766105652,0.0300044175237417,0.985411822795868
wrench,0.0196529235690832,0.0338917002081871,0.082368865609169,0.0405143834650516,0.0166680868715047,0.1410911530256271,0.0965454429388046,0.9928606152534484,0.0744930729269981,0.0423981174826622,0.4361870586872101,0.0366408415138721,0.1018982529640197,0.0861080512404441,0.9895949959754944,0.0582715608179569,0.9778577089309692,0.0326930917799472,0.9763229489326476,0.9762805700302124,0.962815284729004,0.0131612000986933,0.0688972398638725,0.0311386808753013,0.0621061697602272,0.1581095606088638,0.0385223776102066,0.5588281750679016,0.0341333523392677,0.0566537044942379,0.0484144911170005,0.0441071614623069,0.1591769903898239,0.4966528713703155,0.9616013169288636,0.0315689221024513,0.019688518717885,0.1263161301612854,0.0430274531245231,0.4020194113254547,0.8172295689582825,0.0303882118314504,0.0250599179416894,0.0243301223963499,0.0683297663927078,0.9833765625953674,0.2872841954231262,0.186051458120346,0.0545838363468647,0.9664648771286012,0.0328347124159336,0.0727675110101699,0.987047553062439,0.1176240965723991,0.168061301112175,0.0894913151860237,0.0476221404969692,0.9726353287696838,0.9885489344596864,0.520289957523346,0.992183268070221,0.990519404411316,0.0295880269259214,0.0594848319888114
oilcan,0.0567141808569431,0.0155170252546668,0.6798424124717712,0.0198151543736457,0.011797840707004,0.9787903428077698,0.8796627521514893,0.073839820921421,0.0622293949127197,0.0228130873292684,0.99118572473526,0.4892449676990509,0.1828327476978302,0.0219748932868242,0.9634088277816772,0.1439215540885925,0.5529362559318542,0.0376560762524604,0.8361688256263733,0.8627419471740723,0.5722730159759521,0.0588755160570144,0.0245811585336923,0.0130036734044551,0.0460519976913929,0.0283519215881824,0.5844551920890808,0.0221099276095628,0.0115440869703888,0.1167066097259521,0.053352128714323,0.0267173536121845,0.190882995724678,0.0250145997852087,0.0849591717123985,0.0144406165927648,0.0646158382296562,0.6223973631858826,0.0646074563264846,0.209319457411766,0.9955918192863464,0.0222057178616523,0.7781490087509155,0.0450273193418979,0.0340356528759002,0.6902031302452087,0.02132766880095,0.9170583486557008,0.0179842393845319,0.5444083213806152,0.0412923470139503,0.067712090909481,0.110023409128189,0.992849349975586,0.0087758898735046,0.0681256800889968,0.0899138525128364,0.0674443617463111,0.9834598898887634,0.9840282797813416,0.9964056015014648,0.9926254153251648,0.1365124285221099,0.0173146687448024
filling_knife,0.116142489016056,0.0354866757988929,0.9716784358024596,0.0162176843732595,0.0368954837322235,0.0258413292467594,0.0096162343397736,0.6290125250816345,0.2054927796125412,0.0382887981832027,0.053970132023096,0.2200895398855209,0.1765576899051666,0.0715758502483367,0.0656797364354133,0.0142734106630086,0.9903552532196044,0.0245805643498897,0.9865924715995787,0.3383686244487762,0.0178407151252031,0.0568491928279399,0.0212738309055566,0.0414452217519283,0.5286867618560791,0.1826524287462234,0.1828596591949463,0.014626526273787,0.6987561583518982,0.0111692007631063,0.0730081796646118,0.1252324432134628,0.0246092602610588,0.0200630072504282,0.0219569709151983,0.0361471362411975,0.0458183847367763,0.0366965942084789,0.0270783603191375,0.0294224210083484,0.8302751183509827,0.079913780093193,0.0295556783676147,0.0228246711194515,0.0401683524250984,0.9695159792900084,0.2346395254135131,0.0179396346211433,0.9756307601928712,0.9086776971817015,0.0302875731140375,0.2683876454830169,0.096393771469593,0.0573692135512828,0.2651244103908539,0.0320307835936546,0.3860206604003906,0.8038816452026367,0.9940446019172668,0.0962764248251915,0.9502398371696472,0.9959206581115724,0.1661431193351745,0.7938247323036194
plough,0.2928182482719421,0.1860505044460296,0.0437029637396335,0.0109076965600252,0.0124313458800315,0.9947145581245422,0.8831822276115417,0.0326838567852973,0.0469053089618682,0.419560968875885,0.9943115711212158,0.0429507195949554,0.9837312698364258,0.0408919006586074,0.9695429801940918,0.0402771681547164,0.9493969082832336,0.2325682342052459,0.9908660054206848,0.0196677427738904,0.0398669838905334,0.0160380247980356,0.0125519400462508,0.0178425200283527,0.0260639116168022,0.993363618850708,0.0518032647669315,0.0518937148153781,0.3270424604415893,0.0367475524544715,0.0368076525628566,0.0952513515949249,0.0543448142707347,0.0626326501369476,0.0419621504843235,0.0607729777693748,0.12216068059206,0.0763073340058326,0.0308018308132886,0.9900188446044922,0.0954251289367675,0.9933962225914,0.1524864733219146,0.0234944373369216,0.2121260613203048,0.9851852655410768,0.4818860590457916,0.0567621849477291,0.0227655246853828,0.6345059871673584,0.0220300965011119,0.0225358586758375,0.092420570552349,0.1225147992372512,0.0277691949158906,0.0433612279593944,0.6333498358726501,0.0533091761171817,0.9784820675849916,0.9931241869926452,0.0492909029126167,0.9374244213104248,0.1362950503826141,0.6647084951400757
plane,0.053467258810997,0.0152945443987846,0.0359953492879867,0.0757677257061004,0.0332379676401615,0.1201932728290557,0.0966768711805343,0.0304126758128404,0.0198716055601835,0.0911564007401466,0.3275791704654693,0.103415697813034,0.0647356212139129,0.042936697602272,0.9748050570487976,0.1605133414268493,0.9922444224357604,0.0438531413674354,0.9904592037200928,0.522998034954071,0.0841391757130622,0.0515469498932361,0.0655109509825706,0.9828112125396729,0.9884468913078308,0.9738261103630066,0.0849616006016731,0.869175910949707,0.1198812127113342,0.2179968506097793,0.0386371165513992,0.0203319266438484,0.9327180981636048,0.0617727935314178,0.0381012000143528,0.1063137501478195,0.3053737282752991,0.0646237060427665,0.0958313941955566,0.131614938378334,0.3851074576377868,0.0376706346869468,0.9255331158638,0.0359616428613662,0.131455510854721,0.983756422996521,0.0269525945186615,0.1055712327361106,0.0632605850696563,0.19527468085289,0.0216831527650356,0.0673601552844047,0.1297620236873626,0.2356794327497482,0.0286561883985996,0.2092112898826599,0.9458515644073486,0.0695475935935974,0.9901193380355836,0.0273167882114648,0.0653830766677856,0.0336140319705009,0.2679805755615234,0.9772382378578186
shovel,0.0636905804276466,0.0242115799337625,0.2115212082862854,0.0842449963092804,0.7710747122764587,0.0232423786073923,0.014011587947607,0.9137614369392396,0.0565589964389801,0.0276195127516984,0.9846459031105042,0.0383322387933731,0.9731098413467408,0.118480660021305,0.9459838271141052,0.0319981202483177,0.203837901353836,0.0874979943037033,0.8734108209609985,0.0524863302707672,0.0908621251583099,0.6812926530838013,0.0262307412922382,0.0696555599570274,0.0546057522296905,0.1333032101392746,0.2886034250259399,0.0724035426974296,0.975345253944397,0.0388884246349334,0.2020888924598693,0.0990998595952987,0.0233239140361547,0.0226185042411088,0.027240676805377,0.4274235665798187,0.1172918006777763,0.1093738749623298,0.1527228504419326,0.2506455481052398,0.3223655521869659,0.2893441915512085,0.0554152280092239,0.0261110439896583,0.2219080775976181,0.9896191954612732,0.1194561868906021,0.056260596960783,0.1631021648645401,0.0476222038269043,0.0263464041054248,0.0286670178174972,0.0279576182365417,0.0892090126872062,0.947947919368744,0.0654655173420906,0.0453784987330436,0.0223339721560478,0.9785385727882384,0.994282603263855,0.9703935980796814,0.9794822335243224,0.80512934923172,0.9384831190109252
screwdriver,0.2400512397289276,0.089306928217411,0.0436194948852062,0.1086878925561904,0.0187932644039392,0.0403605252504348,0.0105166938155889,0.9896475672721864,0.0803472101688385,0.1134342849254608,0.0354970395565032,0.0844676047563552,0.0170093700289726,0.0758176073431968,0.9881730675697328,0.2389282882213592,0.9866049885749816,0.128158301115036,0.8446457982063293,0.9842621088027954,0.0690974220633506,0.4876307845115661,0.0497016124427318,0.2170301526784896,0.3506011962890625,0.0813903585076332,0.2432669401168823,0.0271636974066495,0.0502270422875881,0.0416773594915866,0.0496616475284099,0.1012341380119323,0.99491548538208,0.1731722056865692,0.9410299062728882,0.9842145442962646,0.1426997482776641,0.0611617565155029,0.0264543015509843,0.5968780517578125,0.0200987942516803,0.0245970785617828,0.0165350846946239,0.0695796087384224,0.1337495893239975,0.3386346697807312,0.1730519086122512,0.3033472299575805,0.0680781975388526,0.1334186047315597,0.0632673949003219,0.0523049123585224,0.0402951352298259,0.0857172161340713,0.0953067392110824,0.5856069922447205,0.15769924223423,0.3546615540981293,0.9832384586334229,0.0158128254115581,0.9834020137786864,0.962673842906952,0.040240604430437,0.9847554564476012
grinding_disc,0.0253383256494998,0.86867755651474,0.023897249251604,0.0268302839249372,0.0528648495674133,0.0128465928137302,0.429139494895935,0.0413068868219852,0.0146310403943061,0.0162758715450763,0.0196927301585674,0.1139066368341445,0.0241319108754396,0.0154904657974839,0.9919707775115968,0.021498292684555,0.4117441177368164,0.0342025347054004,0.9876161217689514,0.8896757960319519,0.0290561597794294,0.0200963392853736,0.0369840003550052,0.057437028735876,0.3398958444595337,0.0840563252568245,0.2331750839948654,0.9720956683158876,0.034915592521429,0.0185028929263353,0.8932539820671082,0.81528240442276,0.3927370905876159,0.2950881719589233,0.0543780028820037,0.0903034210205078,0.0320084616541862,0.032732006162405,0.0318484157323837,0.0616846866905689,0.0103112440556287,0.9909364581108092,0.1973717808723449,0.0166702382266521,0.0890921577811241,0.9677414298057556,0.0514592044055461,0.0151811763644218,0.9467843770980836,0.0223040170967578,0.0297905709594488,0.0132527751848101,0.1496513336896896,0.8362836241722107,0.9863104820251464,0.3752662241458893,0.0508941784501075,0.0254849065095186,0.986476182937622,0.0239877663552761,0.0095590204000473,0.013249515555799,0.1405731290578842,0.0227612555027008
nail,0.8528708219528198,0.0219240505248308,0.4232329726219177,0.1278844475746154,0.019089737907052,0.0440820828080177,0.028838038444519,0.7910410761833191,0.0332732647657394,0.0302677620202302,0.208997830748558,0.969856858253479,0.0552830398082733,0.0242124535143375,0.9783802628517152,0.3126847147941589,0.957739531993866,0.0270339008420705,0.993811309337616,0.9856386780738832,0.0336124673485755,0.0295590851455926,0.4203271269798279,0.0426242537796497,0.0891303643584251,0.172525092959404,0.0223042201250791,0.2946279346942901,0.1875593364238739,0.2360217571258545,0.0368957296013832,0.0541642270982265,0.0391430892050266,0.0819489285349845,0.0235935617238283,0.0588631965219974,0.0251455940306186,0.0260663982480764,0.1577664464712143,0.1237409338355064,0.0352720692753791,0.4541376531124115,0.1105858385562896,0.9374341368675232,0.1158278807997703,0.8569586277008057,0.0196898113936185,0.3570558130741119,0.028206555172801,0.0434731915593147,0.0162765309214591,0.960593581199646,0.0283254627138376,0.0666890367865562,0.016769852489233,0.6239010691642761,0.0298194792121648,0.8135111331939697,0.9758275747299194,0.0463863462209701,0.8171858191490173,0.0838571935892105,0.8218193054199219,0.9873939752578736
wire_brush,0.0680933371186256,0.0701410695910453,0.7994885444641113,0.0348589494824409,0.9740543961524964,0.4915998578071594,0.0185575690120458,0.0271003954112529,0.4242772161960602,0.0230678152292966,0.1161660403013229,0.1516979783773422,0.1940804272890091,0.0212714709341526,0.6795793771743774,0.0329673290252685,0.9910711050033568,0.1406254768371582,0.9795947670936584,0.97974956035614,0.1260931342840194,0.0190592724829912,0.0222526043653488,0.980827569961548,0.4795069098472595,0.1398291289806366,0.7894183993339539,0.9410054087638856,0.0156513750553131,0.0509522184729576,0.0578039996325969,0.0773864835500717,0.0688311606645584,0.1216428279876709,0.0634832382202148,0.0356833189725875,0.0389843508601188,0.1140898391604423,0.9542945623397828,0.155637577176094,0.131132423877716,0.1637057214975357,0.135459616780281,0.1035411283373832,0.0324114002287387,0.9826671481132508,0.0635986328125,0.0653058141469955,0.0478872321546077,0.05163549259305,0.06943329423666,0.0568002797663211,0.0272042602300643,0.134586900472641,0.109150230884552,0.162154421210289,0.3420097231864929,0.9092721939086914,0.974255621433258,0.1628135740756988,0.0738164633512497,0.984274923801422,0.4069204330444336,0.3095362484455108
vacuum_cleaner,0.97240948677063,0.0200473517179489,0.0152684682980179,0.017756937071681,0.0773773565888404,0.0203680228441953,0.983854115009308,0.0347677506506443,0.2209890037775039,0.0493511445820331,0.6715706586837769,0.0406224094331264,0.2735781073570251,0.0467687919735908,0.7074636816978455,0.1185745969414711,0.961452305316925,0.0192479714751243,0.215493842959404,0.9508333206176758,0.0216713864356279,0.2712233066558838,0.0440004654228687,0.0476835072040557,0.7245202660560608,0.1498955190181732,0.0257540736347436,0.0411282256245613,0.0134360017254948,0.0593147166073322,0.824857771396637,0.5156723260879517,0.0282778367400169,0.0862834155559539,0.4092487096786499,0.9822707772254944,0.1047307178378105,0.0247674696147441,0.5635012984275818,0.0275786966085433,0.9887967109680176,0.0396017841994762,0.2765785157680511,0.0645190179347992,0.0425137393176555,0.031045164912939,0.0430845245718956,0.0213359706103801,0.043884627521038,0.0342143960297107,0.3503367900848388,0.9796310663223268,0.5116623640060425,0.9938323497772216,0.1648030877113342,0.0406403243541717,0.0319350399076938,0.1019211784005165,0.9872740507125854,0.9251224398612976,0.0774321556091308,0.294739156961441,0.022694282233715,0.023947162553668
tongs,0.0375125780701637,0.6861581802368164,0.9839848875999452,0.0786633938550949,0.034957505762577,0.3872039914131164,0.0433980636298656,0.9895841479301452,0.0416544340550899,0.1442124247550964,0.9419965147972108,0.547199010848999,0.0443536229431629,0.0964056402444839,0.9147974848747252,0.0632113069295883,0.9523264169692992,0.1295372545719146,0.6216403841972351,0.9649250507354736,0.7360129356384277,0.2394849509000778,0.0774393007159233,0.0829793065786361,0.0319289974868297,0.101472221314907,0.2615295648574829,0.064774677157402,0.040155928581953,0.0385660678148269,0.0554279759526252,0.0539483651518821,0.1986818015575409,0.0490233153104782,0.8606264591217041,0.0349268987774848,0.1479595452547073,0.148825004696846,0.9747506976127625,0.1115375384688377,0.4461232125759125,0.6311962008476257,0.07953841984272,0.0482358187437057,0.8154342770576477,0.040949672460556,0.086902879178524,0.1791339218616485,0.0588125884532928,0.1722189486026764,0.0321604236960411,0.0260895527899265,0.3440003991127014,0.020739123225212,0.1956022232770919,0.1625014990568161,0.0695541054010391,0.1735240668058395,0.9780561923980712,0.047032181173563,0.9935545921325684,0.443046361207962,0.1184550449252128,0.0316031947731971
rope,0.5441875457763672,0.012846671976149,0.8624016046524048,0.0654665231704711,0.0120279248803853,0.0126755014061927,0.0282856207340955,0.2250005155801773,0.5774187445640564,0.0229812134057283,0.0429513156414032,0.0202773138880729,0.3009761273860931,0.0139563204720616,0.9626495242118835,0.0664067789912223,0.0057768742553889,0.0646838024258613,0.0191548950970172,0.984938621520996,0.9865456819534302,0.1516915410757064,0.0579774118959903,0.014557609334588,0.1226967200636863,0.0483702607452869,0.0527049265801906,0.0234991647303104,0.981113851070404,0.9105128645896912,0.0588591508567333,0.0099642286077141,0.0306628812104463,0.0576157756149768,0.0505835004150867,0.0147154042497277,0.0287126637995243,0.0374446958303451,0.1182263270020484,0.0233670212328434,0.0174666997045278,0.0383146442472934,0.0070582893677055,0.0082245767116546,0.0121401576325297,0.064390629529953,0.1712551265954971,0.9879896640777588,0.0431699901819229,0.2651778757572174,0.0192315783351659,0.8948264718055725,0.0415917597711086,0.0090565867722034,0.0247257892042398,0.3006753623485565,0.0650078728795051,0.0240624360740184,0.9823877215385436,0.0976577997207641,0.0682155191898346,0.0440998077392578,0.0302729699760675,0.287405788898468
paint_brush,0.0613147988915443,0.0204426608979702,0.7345868945121765,0.0311958566308021,0.0633899196982383,0.1458459049463272,0.4589690268039703,0.0170421227812767,0.1060494184494018,0.0153804561123251,0.0716417878866195,0.0146522223949432,0.3252588212490082,0.0183011572808027,0.3262458145618438,0.0864463075995445,0.9773433208465576,0.874492883682251,0.0186329595744609,0.9919394850730896,0.4154410064220428,0.0704055652022361,0.0633183643221855,0.0271248910576105,0.0423572659492492,0.2776060104370117,0.9441095590591432,0.0310469139367342,0.0353935584425926,0.0321637839078903,0.178266242146492,0.0165215823799371,0.024687910452485,0.8675786852836609,0.0361943654716014,0.972620964050293,0.3807637691497803,0.020628023892641,0.038956269621849,0.0281825140118598,0.9909591674804688,0.021969836205244,0.531670868396759,0.0306931864470243,0.092373326420784,0.9609434604644777,0.0136769162490963,0.7626544833183289,0.0461743213236331,0.7220794558525085,0.0178683754056692,0.8235500454902649,0.1051591783761978,0.732108473777771,0.0948057696223259,0.0152818374335765,0.974354326725006,0.0381932072341442,0.990952968597412,0.0303650256246328,0.986527144908905,0.7404852509498596,0.0733839347958564,0.2469474077224731
file,0.0254796985536813,0.26691934466362,0.9783284664154052,0.0520218349993228,0.0292700920253992,0.1038496568799018,0.0136849852278828,0.9869582056999208,0.0380765534937381,0.810375988483429,0.2670581638813019,0.0322410762310028,0.0377552546560764,0.0421622097492218,0.9596487283706664,0.0353006534278392,0.9741271138191224,0.0925482362508773,0.9785416722297668,0.9240824580192566,0.0204760134220123,0.3095379471778869,0.0242432449012994,0.9853819608688354,0.0276088714599609,0.0360639654099941,0.9234262108802797,0.9435328245162964,0.1763316392898559,0.0238082408905029,0.0392776019871234,0.1581229865550995,0.0611805841326713,0.0334827452898025,0.040295336395502,0.6529295444488525,0.110488049685955,0.1075433790683746,0.0205390080809593,0.0295583643019199,0.0220800749957561,0.0566939525306224,0.0504180639982223,0.0262188632041215,0.6461276412010193,0.9283202290534972,0.2358952760696411,0.0220887362957,0.1089725866913795,0.104000985622406,0.0482083782553672,0.0305629093199968,0.0583255290985107,0.1027455553412437,0.0280554369091987,0.0299040749669075,0.0541036874055862,0.5422177314758301,0.952748954296112,0.0234951823949813,0.1276318132877349,0.1036546677350997,0.0464547351002693,0.6038195490837097
level,0.0629218518733978,0.2381877899169922,0.0628375709056854,0.0949349924921989,0.1893822997808456,0.044566337019205,0.0198105089366436,0.1128204688429832,0.0526429340243339,0.3212975263595581,0.035801600664854,0.21665720641613,0.9731721878051758,0.0352924950420856,0.0305624809116125,0.0278246812522411,0.9845746159553528,0.3441233038902282,0.9914694428443908,0.9359330534934998,0.0478247441351413,0.8346026539802551,0.0599325262010097,0.122173011302948,0.0598754920065403,0.0345155633985996,0.9017471075057985,0.0409514717757701,0.4243000149726867,0.0439732633531093,0.0301152635365724,0.054482813924551,0.6489637494087219,0.2701376676559448,0.9335198998451232,0.9930760860443116,0.0795805677771568,0.1308297514915466,0.1344045549631118,0.062758520245552,0.9812154173851012,0.0258365049958229,0.2723942399024963,0.1923910081386566,0.431094616651535,0.964619517326355,0.0486368760466575,0.0184657182544469,0.0627500787377357,0.0601754486560821,0.0279684737324714,0.9738662242889404,0.0965167954564094,0.0207144003361463,0.0464092716574668,0.1196577548980712,0.037040177732706,0.041414488106966,0.9727018475532532,0.0781618505716323,0.952540159225464,0.040470466017723,0.1280960738658905,0.0726374089717865
saw,0.0181520618498325,0.1763637214899063,0.957307517528534,0.0630684569478035,0.0115367928519845,0.0423066578805446,0.0146471634507179,0.0624128021299839,0.0230992957949638,0.1345533281564712,0.0619784519076347,0.7029104232788086,0.4804589748382568,0.0513133145868778,0.9800437688827516,0.0545165389776229,0.9912503957748412,0.0390088073909282,0.0643874108791351,0.6928877830505371,0.0433411672711372,0.0609521679580211,0.02579284645617,0.0498498119413852,0.1724541783332824,0.055369284003973,0.0461742393672466,0.8802751898765564,0.9919183850288392,0.0213078167289495,0.034374576061964,0.053337175399065,0.1829620748758316,0.97981458902359,0.0529896207153797,0.0982401892542839,0.0727166086435318,0.0612827986478805,0.0176651123911142,0.1492133438587188,0.0295517928898334,0.0377951450645923,0.030003722757101,0.0570475347340106,0.1089159920811653,0.3716827034950256,0.0810980126261711,0.0181505996733903,0.0857889950275421,0.2286362946033477,0.0481777191162109,0.0621847845613956,0.1847545951604843,0.9134625792503356,0.7815546989440918,0.1280257850885391,0.0239710193127393,0.9527500867843628,0.9912657141685486,0.9777219295501708,0.0227063857018947,0.369543969631195,0.4794756770133972,0.9390305876731871
